{
 "huntermod:Strike": {
 "NAME": "打击",
 "DESCRIPTION": "造成 !D! 点伤害。"
 },
 "huntermod:Defend": {
 "NAME": "防御",
 "DESCRIPTION": "获得 !B! 点 格挡 。"
 },
 "huntermod:Command": {
 "NAME": "指令",
 "DESCRIPTION": "选择： NL huntermod:攻击指令 NL huntermod:防御指令 NL huntermod:收集指令 ",
 "EXTENDED_DESCRIPTION": ["选择： NL huntermod:攻击指令 + !M! NL huntermod:防御指令 + !M! NL huntermod:收集指令 + !M! "]
 },
 "huntermod:CommandAttack": {
 "NAME": "攻击",
 "DESCRIPTION": "随机对一个敌人造成 !D! 点伤害。"
 },
 "huntermod:CommandBlock": {
 "NAME": "防御",
 "DESCRIPTION": "获得 !B! 点 格挡 。"
 },
 "huntermod:CommandGather": {
 "NAME": "收集",
 "DESCRIPTION": "抽 !M! 张牌。"
 },
 "huntermod:Brace": {
 "NAME": "支撑",
 "DESCRIPTION": "获得 !B! 点 格挡 。 NL huntermod:防御指令 。"
 },
 "huntermod:GloomStrike": {
 "NAME": "幽暗打击",
 "DESCRIPTION": "造成 !D! 点伤害。 NL 如果你的 生命 少于目标，回复 !M! 生命 。"
 },
 "huntermod:Ensnare": {
 "NAME": "束缚",
 "DESCRIPTION": "敌人在本回合失去 !M! 点 力量 。"
 },
 "huntermod:Continuation": {
 "NAME": "连续",
 "DESCRIPTION": "每当你打出一张 huntermod:调和 牌，抽一张牌。"
 },
 "huntermod:WaitAndSee": {
 "NAME": "观望",
 "DESCRIPTION": "结束你的回合。 NL 下个回合， huntermod:狡诈 。",
 "UPGRADE_DESCRIPTION": " huntermod:狡诈 。 NL 结束你的回合。 NL 下个回合， huntermod:狡诈 。"
 },
 "huntermod:SecretPlan": {
 "NAME": "秘密计划",
 "DESCRIPTION": "抽1张牌。 NL huntermod:调和 到那张牌的类型。"
 },
 "huntermod:GoFetch": {
 "NAME": "取回",
 "DESCRIPTION": "造成 !D! 点伤害。 NL huntermod:收集指令 。"
 },
 "huntermod:WhipCrack": {
 "NAME": "鞭打",
 "DESCRIPTION": "造成 !D! 点伤害。 NL 施加 !M! 层 虚弱 。"
 },
 "huntermod:BouncingArrow": {
 "NAME": "弹跳箭",
 "DESCRIPTION": "造成 !D! 点伤害。 NL 如果这杀死了一个敌人，获得 [E] 并将此牌返回到手牌。"
 },
 "huntermod:Shapeshift": {
 "NAME": "变形",
 "DESCRIPTION": "每当你 huntermod:调和 时，根据 符文类型 获得 !M! 点 临时力量 或 临时敏捷 。"
 },
 "huntermod:Lifebloom": {
 "NAME": "生命绽放",
 "DESCRIPTION": "造成 !D! 点伤害。 NL 每当你在战斗中回复生命时，增加此牌的 !M! 点伤害。"
 },
 "huntermod:Cleanse": {
 "NAME": "净化",
 "DESCRIPTION": "移除所有负面效果。 NL 回复 !M! 生命 。 NL 消耗 。"
 },
 "huntermod:Impact": {
 "NAME": "冲击",
 "DESCRIPTION": "造成 !D! 点伤害。 NL 获得 !B! 点 格挡 。 NL 可以升级任意次数。"
 },
 "huntermod:WhistlingArrow": {
 "NAME": "哨箭",
 "DESCRIPTION": "随机对一个敌人造成 !D! 点伤害 !M! 次。 NL 在这次战斗中此牌的攻击次数加 1 。"
 },
 "huntermod:AsOne": {
 "NAME": "团结一致",
 "DESCRIPTION": " huntermod:攻击指令 或 huntermod:防御指令 。 NL huntermod:调和 到所选的指令。",
 "EXTENDED_DESCRIPTION": [" huntermod:攻击指令 + !M! 或 huntermod:防御指令 + !M! 。 NL huntermod:调和 到所选的指令。"]
 },
 "huntermod:KillOrder": {
 "NAME": "猎杀",
 "DESCRIPTION": "施加1层 huntermod:猎杀 。 NL huntermod:攻击指令 。",
 "EXTENDED_DESCRIPTION": ["施加1层 huntermod:猎杀 。 NL huntermod:攻击指令 + !M! 。"]
 },
 "huntermod:Ambush": {
 "NAME": "伏击",
 "DESCRIPTION": " 虚无 。 NL 固有 。 NL 造成 !D! 点伤害。 NL 消耗 。"
 },
 "huntermod:Unity": {
 "NAME": "团结",
 "DESCRIPTION": "获得 !M! 点 huntermod:羁绊 。"
 },
 "huntermod:ChewToy": {
 "NAME": "咀嚼玩具",
 "DESCRIPTION": " 不可被打出 。 NL 如果通过 huntermod:收集指令 抽到，获得 [E] [E] 。",
 "UPGRADE_DESCRIPTION": " 不可被打出 。 NL 如果通过 huntermod:收集指令 抽到，获得 [E] [E] [E] 。"
 },
 "huntermod:StruckGold": {
 "NAME": "意外收获",
 "DESCRIPTION": "通过 huntermod:收集指令 抽到的所有牌变为升级。",
 "UPGRADE_DESCRIPTION": " 固有 。 NL 通过 huntermod:收集指令 抽到的所有牌变为升级。"
 },
 "huntermod:Scavenge": {
 "NAME": "搜寻",
 "DESCRIPTION": "在战斗结束时获得一个随机额外奖励。 NL 消耗 。"
 },
 "huntermod:SkinningKnife": {
 "NAME": "剥皮刀",
 "DESCRIPTION": "丢弃任意数量的牌，每丢弃一张牌造成 !D! 点伤害。"
 },
 "huntermod:BoneArrow": {
 "NAME": "骨箭",
 "DESCRIPTION": "造成 !D! 点伤害。 NL 当抽到时，获得 !B! 点 格挡 。"
 },
 "huntermod:Camouflage": {
 "NAME": "伪装",
 "DESCRIPTION": "获得 !B! 点 格挡 。 NL 每有一个敌人额外获得 !M! 点 格挡 。"
 },
 "huntermod:WeightedKnife": {
 "NAME": "加重飞刀",
 "DESCRIPTION": "造成 !D! 点伤害。 NL 本次战斗中此牌的费用增加 1 。"
 },
 "huntermod:StalkingArrow": {
 "NAME": "追踪箭",
 "DESCRIPTION": "造成 !D! 点伤害。 NL huntermod:超-调和 :永久增加此牌的伤害6点。 NL 消耗 。"
 },
 "huntermod:MistStep": {
 "NAME": "雾隐步",
 "DESCRIPTION": "获得 !B! 点 格挡 。 NL 抽一张牌。 NL 对所有敌人施加 !M! 层 虚弱 。"
 },
 "huntermod:AttuneFury": {
 "NAME": "狂怒",
 "DESCRIPTION": " huntermod:狂怒 。"
 },
 "huntermod:AttuneCunning": {
 "NAME": "狡诈",
 "DESCRIPTION": " huntermod:狡诈 。"
 },
 "huntermod:AttuneSpirit": {
 "NAME": "勇气",
 "DESCRIPTION": " huntermod:勇气 。"
 },
 "huntermod:BranchingPath": {
 "NAME": "分叉小径",
 "DESCRIPTION": "选择 huntermod:狂怒 、 huntermod:狡诈 或 huntermod:勇气 。"
 },
 "huntermod:GiveAll": {
 "NAME": "全力以赴",
 "DESCRIPTION": "获得2层 易伤 。 NL 获得2层 虚弱 。 NL 获得 !M! 点 huntermod:羁绊 。",
 "UPGRADE_DESCRIPTION": "获得1层 易伤 。 NL 获得1层 虚弱 。 NL 获得 !M! 点 huntermod:羁绊 。"
 },
 "huntermod:BringDown": {
 "NAME": "击倒",
 "DESCRIPTION": "如果敌人剩余的 生命 少于你，将其 生命 设定为1。 NL 消耗 。"
 },
 "huntermod:FavoredFoe": {
 "NAME": "宿敌",
 "DESCRIPTION": "选择普通敌人、精英或首领成为你的 huntermod:宿敌 。 NL 获得或替代 huntermod:宿敌 。"
 },
 "huntermod:FavorNormal": {
 "NAME": "宿敌:小怪",
 "DESCRIPTION": "面对普通敌人时，在每个回合开始时获得 [E] 并抽一张牌。"
 },
 "huntermod:FavorElites": {
 "NAME": "宿敌:精英",
 "DESCRIPTION": "面对精英敌人时，在每个回合开始时获得 [E] 并抽一张牌。"
 },
 "huntermod:FavorBosses": {
 "NAME": "宿敌:首领",
 "DESCRIPTION": "面对首领敌人时，在每个回合开始时获得 [E] 并抽一张牌。"
 },
 "huntermod:InTune": {
 "NAME": "合调",
 "DESCRIPTION": "每当你 huntermod:调和 时，获得 !M! 点 格挡 。"
 },
 "huntermod:Stockpile": {
 "NAME": "囤积",
 "DESCRIPTION": "在你的回合开始时， huntermod:收集指令 。"
 },
 "huntermod:Ransack": {
 "NAME": "洗劫",
 "DESCRIPTION": "对所有敌人造成 !D! 点伤害。 NL huntermod:收集指令 。",
 "EXTENDED_DESCRIPTION": ["对所有敌人造成 !D! 点伤害。 NL huntermod:收集指令 + !M! 。"]
 },
 "huntermod:Spores": {
 "NAME": "寄生孢子",
 "DESCRIPTION": "获得 !M! 点最大 生命 。 NL 永久增加此牌的费用1。 NL 消耗 。"
 },
 "huntermod:ArrowVolley": {
 "NAME": "箭雨",
 "DESCRIPTION": "随机对一个敌人造成 !D! 点伤害 X次。"
 },
 "huntermod:VineShield": {
 "NAME": "藤蔓护盾",
 "DESCRIPTION": "获得 !B! 点 格挡 。 NL huntermod:超-调和 :获得2点 荆棘 。"
 },
 "huntermod:Slim": {
 "NAME": "瘦身",
 "DESCRIPTION": "从你的抽牌堆中 消耗 一张牌。 NL 抽 !M! 张牌。"
 },
 "huntermod:IronMind": {
 "NAME": "铁之意志",
 "DESCRIPTION": "获得 !B! 点 格挡 。 NL 随机移除你的一个负面效果。"
 },
 "huntermod:RuneStrike": {
 "NAME": "符文打击",
 "DESCRIPTION": "造成 !D! 点伤害。 NL 随机获得 huntermod:狂怒 或 huntermod:狡诈 。",
 "UPGRADE_DESCRIPTION": "造成 !D! 点伤害。 NL 选择 huntermod:狂怒 或 huntermod:狡诈 。"
 },
 "huntermod:CraftyBlade": {
 "NAME": "狡诈斩击",
 "DESCRIPTION": "造成 !D! 点伤害。 NL huntermod:狡诈 。"
 },
 "huntermod:TakeAim": {
 "NAME": "瞄准",
 "DESCRIPTION": "获得 !B! 点 格挡 。 NL huntermod:狂怒 。"
 },
 "huntermod:SpectralFang": {
 "NAME": "幽灵之牙",
 "DESCRIPTION": "造成 !D! 点伤害。 NL 每当你 huntermod:攻击指令 时，从你的抽牌堆中加到手牌。"
 },
 "huntermod:BestialBash": {
 "NAME": "野兽冲撞",
 "DESCRIPTION": "造成 !D! 点伤害两次。 NL 每当你 huntermod:指令 时，增加此牌的伤害 !M! 。"
 },
 "huntermod:BloodOath": {
 "NAME": "血之誓约",
 "DESCRIPTION": "失去2点 生命 。 NL 获得 !M! 点 huntermod:羁绊 。"
 },
 "huntermod:WerewolfForm": {
 "NAME": "狼人形态",
 "DESCRIPTION": "在你的回合开始时，失去 [E] 并打出 huntermod:攻击指令 + !M! 或 huntermod:防御指令 !M! 。"
 },
 "huntermod:MagicQuiver": {
 "NAME": "魔法箭袋",
 "DESCRIPTION": "将你的弃牌堆中最多 !M! 张牌洗入你的抽牌堆。 NL 抽一张牌。"
 },
 "huntermod:TripleArrow": {
 "NAME": "三重箭",
 "DESCRIPTION": "造成 !D! 点伤害 3 次。"
 },
 "huntermod:Berry": {
 "NAME": "浆果",
 "DESCRIPTION": "获得 [E] 。 NL 回复 !M! 生命 。 NL 消耗 。"
 },
 "huntermod:BlueBerry": {
 "NAME": "蓝浆果",
 "DESCRIPTION": "获得 [E] 。 NL 回复 !M! 生命 。 NL 消耗 。"
 },
 "huntermod:GoldBerry": {
 "NAME": "金浆果",
 "DESCRIPTION": "获得 [E] 。 NL 获得 !M! 点最大 生命 。 NL 消耗 。"
 },
 "huntermod:Forage": {
 "NAME": "搜寻",
 "DESCRIPTION": "将一张随机 huntermod:浆果 加入到手牌。 NL 消耗 。"
 },
 "huntermod:SafeStrike": {
 "NAME": "安全射击",
 "DESCRIPTION": "造成 !D! 点伤害。 NL huntermod:防御指令 。"
 },
 "huntermod:GrandHarvest": {
 "NAME": "大丰收",
 "DESCRIPTION": "将 X 张随机 huntermod:浆果 加入你的抽牌堆。 NL huntermod:收集指令 +X。 NL 消耗 。",
 "EXTENDED_DESCRIPTION": ["将 X+1 张随机 huntermod:浆果 加入你的抽牌堆。 NL huntermod:收集指令 +X。 NL 消耗 。"]
 },
 "huntermod:ObsidianArrows": {
 "NAME": "黑曜石箭",
 "DESCRIPTION": "箭矢攻击额外造成 !M! 点伤害。"
 },
 "huntermod:FeralInstinct": {
 "NAME": "野兽本能",
 "DESCRIPTION": "如果敌人意图为攻击，造成 !D! 点伤害并获得 !B! 点 格挡 。"
 },
 "huntermod:LupinePummel": {
 "NAME": "狼人猛击",
 "DESCRIPTION": "造成等同于你 格挡 值 !M! 倍的伤害。 NL 失去所有 格挡 。"
 },
 "huntermod:Commune": {
 "NAME": "交流",
 "DESCRIPTION": " 保留 。 NL huntermod:勇气 。 NL 消耗 。",
 "UPGRADE_DESCRIPTION": " 固有 。 NL 保留 。 NL huntermod:勇气 。 NL 消耗 。"
 },
 "huntermod:Serenity": {
 "NAME": "宁静",
 "DESCRIPTION": "获得 !B! 点 格挡 。 NL 失去2点 力量 。"
 },
 "huntermod:NaturesBlessing": {
 "NAME": "自然的恩赐",
 "DESCRIPTION": "回复 !M! 生命 。 NL 在你接下来的 !M! 个回合开始时，获得 [E] 。"
 },
 "huntermod:ForestsCurse": {
 "NAME": "森林的诅咒",
 "DESCRIPTION": "在你的下 !M! 个回合开始时，对所有敌人施加1层 易伤 和1层 虚弱 。"
 },
 "huntermod:CardTrick": {
 "NAME": "卡牌把戏",
 "DESCRIPTION": "将一张手牌置于你的抽牌堆顶部。 NL huntermod:狡诈 。"
 },
 "huntermod:KeenEye": {
 "NAME": "锐利之眼",
 "DESCRIPTION": "获得 !B! 点 格挡 。 NL 将一张抽牌堆中的牌置于顶部。"
 },
 "huntermod:PiercingArrow": {
 "NAME": "穿透箭",
 "DESCRIPTION": "造成 !D! 点伤害。 NL huntermod:超-调和 :对所有敌人造成伤害。"
 },
 "huntermod:Mimic": {
 "NAME": "模仿",
 "DESCRIPTION": "这张牌的效果基于你的上一个 huntermod:指令 。",
 "EXTENDED_DESCRIPTION": [
 "造成 !D! 点伤害。",
 "获得 !B! 点 格挡 。",
 "抽 !M! 张牌。"
 ]
 },
 "huntermod:Onslaught": {
 "NAME": "猛攻",
 "DESCRIPTION": "造成 !D! 点伤害。 NL 失去1点 敏捷 。"
 },
 "huntermod:SpiritVeil": {
 "NAME": "勇气面纱",
 "DESCRIPTION": "每当你 huntermod:防御指令 时，所有敌人失去 !M! 点 临时力量 。"
 },
 "huntermod:Regeneration": {
 "NAME": "再生",
 "DESCRIPTION": "每当你失去 生命 时，回复 !M! 生命 ，(每次最多回复等同于失去的 生命 )。"
 },
 "huntermod:LifeLeech": {
 "NAME": " 生命窃取 ",
 "DESCRIPTION": "施加 !M! 层 huntermod:生命窃取 。"
 },
 "huntermod:Payback": {
 "NAME": "反击",
 "DESCRIPTION": "如果你在上一个回合受到了未被 格挡 的攻击伤害，则获得 [E] 。 NL huntermod:狂怒 。",
 "UPGRADE_DESCRIPTION": "如果你在上一个回合受到了未被 格挡 的攻击伤害，则获得 [E] [E] 。 NL huntermod:狂怒 。"
 },
 "huntermod:Reserves": {
 "NAME": "预备",
 "DESCRIPTION": " 固有 。 NL 获得 [E] [E] 。 NL 消耗 。",
 "UPGRADE_DESCRIPTION": " 固有 。 NL 获得 [E] [E] [E] 。 NL 消耗 。"
 },
 "huntermod:RavenousRush": {
 "NAME": "饥渴冲刺",
 "DESCRIPTION": "造成 !D! 点伤害。 NL huntermod:攻击指令 。 NL huntermod:狂怒 。"
 },
 "huntermod:PackHunt": {
 "NAME": "群体狩猎",
 "DESCRIPTION": "手牌或抽牌堆中每有一张 *群体狩猎 ，获得 !B! 点 格挡 并造成 !D! 点伤害。"
 },
 "huntermod:HuntersMark": {
 "NAME": "猎人印记",
 "DESCRIPTION": "目标敌人在本回合受到的攻击伤害增加 !M! 。"
 },
 "huntermod:FocusAura": {
 "NAME": "集中光环",
 "DESCRIPTION": "获得 !B! 点 格挡 。 NL huntermod:超-调和 :抽2张牌。"
 },
 "huntermod:OneTwoPunch": {
 "NAME": "组合拳",
 "DESCRIPTION": "造成 !D! 点伤害。 NL 如果你在这个回合 huntermod:指令 过，获得 [E] 并抽一张牌。"
},
"huntermod:SoulLink": {
"NAME": "灵魂链接",
"DESCRIPTION": "选择手牌中的 2 张牌。每当你打出其中一张时，另一张也会被自动打出。 NL 消耗 。"
}
}