[
 {
 "PROPER_NAME": "指令",
 "NAMES": [
 "指令",
 "已指令",
 "指令",
 "已指令"
 ],
 "DESCRIPTION": "攻击指令、防御指令、收集指令 。"
 },
 {
 "PROPER_NAME": "防御指令",
 "NAMES": [
 "防御指令",
 "防御指令"
 ],
 "DESCRIPTION": "获得格挡。"
 },
 {
 "PROPER_NAME": "攻击指令",
 "NAMES": [
 "攻击指令",
 "攻击指令"
 ],
 "DESCRIPTION": "随机对一个敌人造成伤害。"
 },
 {
 "PROPER_NAME": "收集指令",
 "NAMES": [
 "收集指令",
 "收集指令"
 ],
 "DESCRIPTION": "抽牌。"
 },
 {
 "PROPER_NAME": "猎杀",
 "NAMES": [
 "猎杀",
 "猎杀"
 ],
 "DESCRIPTION": "指令的攻击集中于此敌人。"
 },
 {
 "PROPER_NAME": "生命窃取",
 "NAMES": [
 "生命窃取",
 "生命窃取"
 ],
 "DESCRIPTION": "在你的回合开始时，目标敌人失去 #y生命 和等量 #y最大生命 ，你回复 #b1 点 #y生命 。"
 },
 {
 "PROPER_NAME": "羁绊",
 "NAMES": [
 "羁绊",
 "羁绊"
 ],
 "DESCRIPTION": "每有 #b1 羁绊 #y升级 所有指令行动 #b1 次。"
 },
 {
 "PROPER_NAME": "宿敌",
 "NAMES": [
 "宿敌",
 "宿敌"
 ],
 "DESCRIPTION": "一个 #b遗物 。 NL 当你与 #y宿敌 战斗时，在每个回合开始时获得 [E] 并抽一张牌。"
 },
 {
 "PROPER_NAME": "致命一击",
 "NAMES": [
 "致命一击",
 "致命一击"
 ],
 "DESCRIPTION": "在这个回合，你的下一次攻击造成 #y双倍伤害 。"
 },
 {
 "PROPER_NAME": "调和",
 "NAMES": [
 "调和",
 "调和"
 ],
 "DESCRIPTION": "狂怒、狡诈、勇气 。"
 },
 {
 "PROPER_NAME": "狂怒",
 "NAMES": [
 "狂怒"
 ],
 "DESCRIPTION": " #y调和 。 #y强化 本回合下一张 #y攻击牌 并在打出时获得 [E] 。 NL 如果回合结束时处于 #y调和 状态，获得 #b1 #y力量。 NL #y强化 。这张卡造成的 #y伤害、格挡和其他效果 增加 #b50% ，否则其耗能减少 [E] 。"
 },
 {
 "PROPER_NAME": "狡诈",
 "NAMES": [
 "狡诈"
 ],
 "DESCRIPTION": " #y调和 。 #y强化 本回合下一张 #y技能牌 并在打出时获得 [E] 。 NL 如果回合结束时处于 #y调和 状态，获得 #b1 #y敏捷。 NL #y强化 。这张卡造成的 #y伤害、格挡和其他效果 增加 #b50% 。否则其耗能减少 [E] 。"
 },
 {
 "PROPER_NAME": "勇气",
 "NAMES": [
 "勇气"
 ],
 "DESCRIPTION": " #y调和 。 #y强化 本回合下一张 #y能力牌 并在打出时获得 [E] 。 NL 如果回合结束时处于 #y调和 状态，获得 #b1 #y羁绊。 NL #y强化 。这张卡造成的 #y伤害、格挡和其他效果 增加 #b50% 。否则其耗能减少 [E] 。"
 },
 {
 "PROPER_NAME": "超-调和",
 "NAMES": [
 "超-调和",
 "超-调和"
 ],
 "DESCRIPTION": "如果当前的 #y调和 类型与这张卡的类型匹配，获得 #y此额外强化效果 。" 
 },

 {
 "PROPER_NAME": "浆果",
 "NAMES": [
 "浆果",
 "浆果",
 "浆果",
 "浆果"
 ],
 "DESCRIPTION": "一张0费 #y消耗牌 ，使用时回复 #y生命 ，获得 [E] 并 #y消耗 。"
 },
 {
 "PROPER_NAME": "强化",
 "NAMES": [
 "强化",
 "强化",
 "强化",
 "强化"
 ],
 "DESCRIPTION": "这张卡造成的伤害、格挡和其他效果增加 #b50% 。如果不是，它的耗能减少 [E] 。"
 },
 {
 "PROPER_NAME": "+",
 "NAMES": [
 "+",
 "+",
 "+"
 ],
 "DESCRIPTION": "指令行动被升级这么多次。"
 }
]