{
 "huntermod:KillingOrderPower": {
 "NAME": "杀戮指令",
 "DESCRIPTIONS": [
 "指令的攻击集中于此敌人，持续 ",
 " 回合。"
 ]
 },
 "huntermod:BondPower": {
 "NAME": "羁绊",
 "DESCRIPTIONS": [
 "所有 #y指令行动 升级 #b",
 " 次。"
 ]
 },
 "huntermod:FlamingArrowsPower": {
 "NAME": "火焰箭矢",
 "DESCRIPTIONS": [
 "箭矢攻击额外造成 ",
 " 点伤害，并在命中时施加 ",
 " #y易伤 。"
 ]
 },
 "huntermod:NaturesBlessingPower": {
 "NAME": "自然的恩赐",
 "DESCRIPTIONS": [
 "在你接下来的 #b",
 " 个回合开始时，获得 [E] 。"
 ]
 },
 "huntermod:InTunePower": {
 "NAME": "合调",
 "DESCRIPTIONS": [
 "每当你 #y调和 时，获得 ",
 " 点格挡。"
 ]
 },
 "huntermod:SpiritVeilPower": {
 "NAME": "勇气面纱",
 "DESCRIPTIONS": [
 "每当你 指令防御 时，所有敌人在本回合失去 ",
 " 点 #y力量 。"
 ]
 },
 "huntermod:ShapeshiftPower": {
 "NAME": "变形",
 "DESCRIPTIONS": [
 "每当你 #y调和 时，根据 #y调和 的符文获得 ",
 " 点 #y临时力量 或 #y敏捷 。"
 ]
 },
 "huntermod:StruckGoldPower": {
 "NAME": "意外收获",
 "DESCRIPTIONS": [
 "通过 #y收集 抽取的所有牌都被 #y升级。"
 ]
 },
 "huntermod:LifeLeec 生命 ower": {
 "NAME": "生命窃取",
 "DESCRIPTIONS": [
 "在你的回合开始时，目标敌人失去 ",
 " 点 #y生命 和 #y最大生命 ，你回复 #b1 点 #y生命 。"
 ]
 },
 "huntermod:RegenerationPower": {
 "NAME": "再生",
 "DESCRIPTIONS": [
 "每当你失去 #y生命 时，回复最多 #b",
 " 点 #y生命 。"
 ]
 },
 "huntermod:ContinuationPower": {
 "NAME": "连续",
 "DESCRIPTIONS": [
 "当你打出一张 #y调和 牌时，抽 #b",
 " 张牌。"
 ]
 },
 "huntermod:CunningNextTurnPower": {
 "NAME": "下一回合狡诈",
 "DESCRIPTIONS": [
 "在你的下个回合开始时， #y狡诈。"
 ]
 },
 "huntermod:ForestsCursePower": {
 "NAME": "森林的诅咒",
 "DESCRIPTIONS": [
 "在你的下 ",
 " 个回合开始时，对所有敌人施加 #b1 层 #y虚弱 和 #y易伤 。"
 ]
 },
 "huntermod:FavoredFoesPower": {
 "NAME": "宿敌",
 "DESCRIPTIONS": [
 "在你的回合开始时，获得 [E] 并抽一张牌。"
 ]
 },
 "huntermod:FrostbiteArrowsPower": {
 "NAME": "霜冻箭矢",
 "DESCRIPTIONS": [
 "箭矢攻击额外造成 ",
 " 点伤害，并在命中时施加 #b",
 " #y虚弱 。"
 ]
 },
 "huntermod:AmassPower": {
 "NAME": "囤积",
 "DESCRIPTIONS": [
 "在你的回合开始时，指令收集 +"
 ]
 },
 "huntermod:DeadshotPower": {
 "NAME": "致命一击",
 "DESCRIPTIONS": [
 "下一次你在这个回合中打出的 ",
 " 次攻击伤害加倍。"
 ]
 },
 "huntermod:OvercriticalPower": {
 "NAME": "超临界",
 "DESCRIPTIONS": [
 "致命一击使基础卡牌伤害增加 #y3倍。"
 ]
 },
 "huntermod:ThreeStrikesPower": {
 "NAME": "三连击",
 "DESCRIPTIONS": [
 "每当你在一回合中打出两次攻击时，获得 ",
 " #y致命一击。"
 ]
 },
 "huntermod:WerewolfFormPower": {
 "NAME": "狼人形态",
 "DESCRIPTIONS": [
 "在你的回合开始时， #y指令攻击或防御+ ",
 "。"
 ]
 },
 "huntermod:WerewolfRagePower": {
 "NAME": "狼人的愤怒",
 "DESCRIPTIONS": [
 "在你的回合开始时，减少 #b",
 " [E] 。"
 ]
 },
 "huntermod:ObsidianArrowsPower": {
 "NAME": "黑曜石箭矢",
 "DESCRIPTIONS": [
 "箭矢攻击额外造成 #b",
 " 点伤害。"
 ]
 },
 "huntermod:StoneskinPower": {
 "NAME": "石头皮肤",
 "DESCRIPTIONS": [
 "你受到的所有未被格挡的攻击伤害减少 #b",
 " 点。"
 ]
 },
 "huntermod:ReadyAimPower": {
 "NAME": "准备瞄准",
 "DESCRIPTIONS": [
 "每当你获得致命一击时，抽 #b",
 " 张牌。"
 ]
 },
 "huntermod:HuntersMarkPower": {
 "NAME": "猎人印记",
 "DESCRIPTIONS": [
 "这个敌人在这个回合中受到的攻击伤害增加 ",
 " 点。"
 ]
 },
 "huntermod:NaturesGracePower": {
 "NAME": "自然的恩典",
 "DESCRIPTIONS": [
 "在你接下来的 ",
 " 个回合开始时，回复 #b5 #y生命 。"
 ]
 },
 "huntermod:SoulLinkPower": {
 "NAME": "灵魂链接",
 "DESCRIPTIONS": [
 "链接 ",
 " 。"
 ]
 },
 "huntermod:AttunedFuryPower": {
 "NAME": "狂怒",
 "DESCRIPTIONS": [
 " #y调和 。 #y强化 本回合下一张 #y攻击牌 并在打出时获得 [E] 。 NL 如果回合结束时处于 #y调和 状态，获得 #b1 #y力量。 NL #y强化 。这张卡造成的 #y伤害、格挡和其他效果 增加 #b50% 。否则其耗能减少 [E] 。"
 ]
 },
 "huntermod:AttunedCunningPower": {
 "NAME": "狡诈",
 "DESCRIPTIONS": [
" #y调和 。 #y强化 本回合下一张 #y技能牌 并在打出时获得 [E] 。 NL 如果回合结束时处于 #y调和 状态，获得 #b1 #y敏捷。 NL #y强化 。这张卡造成的 #y伤害、格挡和其他效果 增加 #b50% 。否则其耗能减少 [E] 。"
 ]
 },
 "huntermod:AttunedSpiritPower": {
 "NAME": "勇气",
 "DESCRIPTIONS": [
 " #y调和 。 #y强化 本回合下一张 #y能力牌 并在打出时获得 [E] 。 NL 如果回合结束时处于 #y调和 状态，获得 #b1 #y羁绊。 NL #y强化 。这张卡造成的 #y伤害、格挡和其他效果 增加 #b50% 。否则其耗能减少 [E] 。"
 ]
 }
}