{
 "huntermod:OldCollar": {
 "NAME": "旧项圈",
 "FLAVOR": "曾经属于一个值得信赖的伙伴。标签已经磨损。",
 "DESCRIPTIONS": [
  "每次战斗中第一次 #y指令 时，获得 [E] 。"
 ]
 },
 "huntermod:GoldCollar": {
 "NAME": "金项圈",
 "FLAVOR": "恢复活力，充满能量。",
 "DESCRIPTIONS": [
  "替换旧项圈。每个回合中第一次 #y指令 时，获得 [E] 。"
 ]
 },
 "huntermod:ShiftingRune": {
 "NAME": "变幻符文",
 "FLAVOR": "你无法完全理解它。",
 "DESCRIPTIONS": [
  "在每回合开始时，随机 #y调和 一种符文。"
 ]
 },
 "huntermod:WulfToothBracelet": {
 "NAME": "沃尔夫牙齿手链",
 "FLAVOR": "永恒友谊的标志。",
 "DESCRIPTIONS": [
  "每个战斗开始时获得 #b1 #y羁绊 。"
 ]
 },
 "huntermod:AncientTouchstone": {
 "NAME": "古代试金石",
 "FLAVOR": "它似乎让你持续前进。",
 "DESCRIPTIONS": [
  "如果你在回合结束时处于  #y调和 状态，下个回合获得 [E] 。"
 ]
 },
 "huntermod:Rations": {
 "NAME": "口粮",
 "FLAVOR": "你永远不会带得太多。",
 "DESCRIPTIONS": [
  "每个战斗开始时，向牌堆中添加一张随机的  #y浆果 。"
 ]
 },
 "huntermod:WhirlingSpirits": {
 "NAME": "舞动之魂",
 "FLAVOR": "灵魂混乱地跳舞，但保持平衡。",
 "DESCRIPTIONS": [
  "每次你  #y指令 时，随机获得 #b1点  #y力量 或  #y敏捷 。"
 ]
 },
 "huntermod:GuardianAnjel": {
 "NAME": "守护天使",
 "FLAVOR": "一个未知起源的雕像。你感到受到保护。",
 "DESCRIPTIONS": [
  "如果你在回合结束时处于  #y调和 状态，获得 #b7 点 #y格挡 。"
 ]
 },
 "huntermod:BoneMarrow": {
 "NAME": "骨髓",
 "FLAVOR": "你不应该吃它...",
 "DESCRIPTIONS": [
  "每次你  #y指令 攻击或打出  #y调和 的攻击时， 回复  #b1  #y生命 。"
 ]
 },
 "huntermod:NormalFavor": {
 "NAME": "宿敌:普通敌人",
 "FLAVOR": "",
 "DESCRIPTIONS": [
  "面对普通敌人时，在你的回合开始时获得 [E] 并抽一张牌。"
 ]
 },
 "huntermod:EliteFavor": {
 "NAME": "宿敌:精英",
 "FLAVOR": "",
 "DESCRIPTIONS": [
  "面对精英敌人时，在你的回合开始时获得 [E] 并抽一张牌。"
 ]
 },
 "huntermod:BossFavor": {
 "NAME": "宿敌:首领",
 "FLAVOR": "",
 "DESCRIPTIONS": [
  "面对首领敌人时，在你的回合开始时获得 [E] 并抽一张牌。"
 ]
 },
 "huntermod:RunicCone": {
 "NAME": "符文锥",
 "FLAVOR": "它分享的真相是非同寻常的。",
 "DESCRIPTIONS": [
  " #y调和 效果翻倍。"
 ]
 }
}