{
 "falconer:ExampleCard": {
 "NAME": "Name",
 "DESCRIPTION": "Description.",
 "UPGRADE_DESCRIPTION": "This will automatically be used if the card is upgraded. Remove it if unneeded.",
 "EXTENDED_DESCRIPTION": [
 "You can put more text in here.",
 "If you need to use it for stuff.",
 "Blizzard is a good example for this."
 ]
 },
 "falconer:WingAttack": {
 "NAME": "翅膀攻击",
 "DESCRIPTION": "造成 !D! 点伤害。 NL falconer:技能连击 ：获得 !M! 点 falconer:羁绊。",
 "UPGRADE_DESCRIPTION": "造成 !D! 点伤害。 NL falconer:技能连击 ：获得 !M! 点 falconer:羁绊。"
 },
 "falconer:Defend_Gray": {
 "NAME": "防御",
 "DESCRIPTION": "获得 !B! 点 格挡 。"
 },
 "falconer:Strike_Gray": {
 "NAME": "攻击",
 "DESCRIPTION": "造成 !D! 点伤害。"
 },
 "falconer:EternalLotus": {
 "NAME": "永恒莲花",
 "DESCRIPTION": "造成 !D! 点伤害。 NL falconer:技能连击 ： NL 获得 [E] 。",
 "UPGRADE_DESCRIPTION": "造成 !D! 点伤害。 NL falconer:技能连击 ： NL 获得 [E] [E] 。"
 },
 "falconer:Lotus": {
 "NAME": "莲花",
 "DESCRIPTION": " 虚无 。 NL 造成 !D! 点伤害。 NL falconer:技能连击 ：获得 [E] 。 NL 消耗 。"
 },
 "falconer:Encore": {
 "NAME": "重演",
 "DESCRIPTION": "抽 !M! 张牌。 NL falconer:攻击连击 ：抽 !falconer:draw2! 张牌。",
 "UPGRADE_DESCRIPTION": "抽 !M! 张牌。 NL falconer:攻击连击 ：抽 !falconer:draw2! 张牌。"
 },
 "falconer:Auction": {
 "NAME": "拍卖",
 "DESCRIPTION": "每当你打出 3 张牌时，抽 1 张牌。"
 },
 "falconer:UnleashSimple": {
 "NAME": "裂绊",
 "DESCRIPTION": "失去所有 falconer:羁绊 。 NL 每点 falconer:羁绊 抽 1 张牌并恢复 1 点生命。 NL 消耗 。"
 },
 "falconer:Windrunner": {
 "NAME": "风行者",
 "DESCRIPTION": "获得 !B! 格挡 。 NL 将 1 *莲花 加入你的手牌。"
 },
 "falconer:Preparation": {
 "NAME": "准备",
 "DESCRIPTION": "你下次打出的攻击费用为 0。",
 "UPGRADE_DESCRIPTION": " 保留 。 NL 你下次打出的攻击费用为 0。"
 },
 "falconer:Sprint": {
 "NAME": "冲刺",
 "DESCRIPTION": "抽 !M! 张牌。 NL 下一回合，抽 !M! 张牌。 NL 消耗 。"
 },
 "falconer:TasteOfMagic": {
 "NAME": "魔法的滋味",
 "DESCRIPTION": "将 !M! 张 *莲花 加入你的手牌。 NL 消耗 。",
 "UPGRADE_DESCRIPTION": "将 !M! 张 *莲花 加入你的手牌。 NL 消耗 。"
 },
 "falconer:ThornyFlower": {
 "NAME": "荆棘花",
 "DESCRIPTION": "获得 2 点 荆棘 。 NL 将 1 *莲花 加入你的手牌。 NL 消耗 。",
 "UPGRADE_DESCRIPTION": "获得 3 点 荆棘 。 NL 将 1 *莲花 加入你的手牌。 NL 消耗 。"
 },
 "falconer:EnGarde": {
 "NAME": "奋战",
 "DESCRIPTION": "每当你打出 *莲花 、 *反击 或 falconer:陷阱 时，你下次攻击造成额外 !M! 伤害。",
 "UPGRADE_DESCRIPTION": "每当你打出 *莲花 、 *反击 或 falconer:陷阱 时，你下次攻击造成额外 !M! 伤害。"
 },
 "falconer:WindShield": {
 "NAME": "风盾",
 "DESCRIPTION": "敌人每次对你造成的攻击伤害减少 !M! 点。"
 },
 "falconer:VerminTutor": {
 "NAME": "邪恶导师",
 "DESCRIPTION": "打出你抽牌堆顶部的 !M! 张牌。 NL 消耗 。",
 "UPGRADE_DESCRIPTION": "打出你抽牌堆顶部的 4 张牌。 NL 消耗 。"
 },
 "falconer:CombinedEfforts": {
 "NAME": "协作",
 "DESCRIPTION": "对所有敌人造成 !D! 点伤害。 NL falconer:技能连击 ：对所有敌人造成 !D! 点伤害。"
 },
 "falconer:Backstab": {
 "NAME": "背刺",
 "DESCRIPTION": "造成 !D! 点伤害。 NL falconer:技能连击 ：造成 !D! 点伤害。"
 },
 "falconer:Eviscerate": {
 "NAME": "解剖",
 "DESCRIPTION": "造成 !D! 点伤害。 NL falconer:技能连击 ：造成 !D! 点伤害。",
 "UPGRADE_DESCRIPTION": "造成 !D! 点伤害两次。 NL falconer:技能连击 ：造成 !D! 点伤害。"
 },
 "falconer:SmokeBomb": {
 "NAME": "烟雾弹",
 "DESCRIPTION": "造成 !D! 点伤害。 NL 敌人这一回合不造成伤害。 NL 消耗 。"
 },
 "falconer:Tripwire": {
 "NAME": "绊线",
 "DESCRIPTION": "敌人失去 1 点力量。 NL falconer:攻击连击 ：敌人失去 1 点力量。 NL 消耗 。",
 "UPGRADE_DESCRIPTION": "敌人失去 1 点力量。 NL falconer:攻击连击 ：敌人失去 1 点力量。"
 },
 "falconer:Trust": {
 "NAME": "信任",
 "DESCRIPTION": "获得 !B! 点 格挡 。 NL falconer:攻击连击 ：获得 2 点 falconer:羁绊。"
 },
 "falconer:Conceal": {
 "NAME": "隐蔽",
 "DESCRIPTION": "本回合不会受攻击伤害。 NL 消耗 。"
 },
 "falconer:CounterClockWise": {
 "NAME": "逆时针",
 "DESCRIPTION": "每当你打出 falconer:连击 卡片时，对一个随机敌人造成 !M! 伤害。"
 },
 "falconer:Dodge": {
 "NAME": "闪避",
 "DESCRIPTION": "获得 !B! 点 格挡 。 NL 获得 1 点 falconer:羁绊。"
 },
 "falconer:BlackHawkDown": {
 "NAME": "黑鹰坠机",
 "DESCRIPTION": "获得10点 力量 和 !M! 点 敏捷 。 NL 回合结束时受到100点伤害。 NL 消耗 。"
 },
 "falconer:SeverTies": {
 "NAME": "割断关系",
 "DESCRIPTION": "失去所有 falconer:羁绊。 NL 对每个失去的 falconer:羁绊 施加 1 点虚弱和 1 点脆弱。"
 },
 "falconer:Intervene": {
 "NAME": "干预",
 "DESCRIPTION": "获得 !B! 点 格挡 。 NL falconer:攻击连击 ：将 1 张 *反击 添加到你的手牌。",
 "UPGRADE_DESCRIPTION": "获得 !B! 点 格挡 。 NL falconer:攻击连击 ：将 1 张 *反击+ 添加到你的手牌。"
 },
 "falconer:ExhaustingIntervention": {
 "NAME": "干预",
 "DESCRIPTION": "获得 !B! 点 格挡 。 NL falconer:攻击连击 ：将 1 张 *反击 添加到你的手牌。 NL 消耗 。"
 },
 "falconer:Flank": {
 "NAME": "侧翼攻击",
 "DESCRIPTION": " 固有 。 NL 造成 !D! 点伤害。 NL 获得 !B! 点 格挡 。 NL 消耗 。"
 },
 "falconer:FalconTutor": {
 "NAME": "猎鹰导师",
 "DESCRIPTION": "如果你有 falconer:羁绊 ，从你的抽牌堆中选择 1 张牌并放入你的手牌。 NL 消耗 。",
 "UPGRADE_DESCRIPTION": "如果你有 falconer:羁绊 ，从你的抽牌堆中选择 1 张牌并放入你的手牌。"
 },
 "falconer:RogueTutor": {
 "NAME": "流浪者导师",
 "DESCRIPTION": "造成 !D! 点伤害。 NL 从你的抽牌堆中将 1 张牌放在顶部。 NL falconer:技能连击 ：抽 1 张牌。"
 },
 "falconer:Riposte": {
 "NAME": "反击",
 "DESCRIPTION": " 虚无 。 NL 获得 !B! 点 格挡 。 NL falconer:攻击连击 ：你下次攻击造成额外 !M! 伤害。 NL 消耗 。"
 },
 "falconer:EternalRiposte": {
 "NAME": "永恒反击",
 "DESCRIPTION": "获得 !B! 点 格挡 。 NL falconer:攻击连击 ：你下次攻击造成额外 !M! 伤害。"
 },
 "falconer:OneStepAhead": {
 "NAME": "快人一步",
 "DESCRIPTION": "在你的回合开始时，将 1 张 *反击 添加到你的手牌。",
 "UPGRADE_DESCRIPTION": " 固有 。 NL 在你的回合开始时，将 1 张 *反击 添加到你的手牌。"
 },
 "falconer:Scratch": {
 "NAME": "抓伤",
 "DESCRIPTION": "造成 !D! 点伤害。 NL 抽 1 张牌。"
 },
 "falconer:ScoutAhead": {
 "NAME": "侦查前方",
 "DESCRIPTION": "失去最多 !M! 点 falconer:羁绊 。 NL 每失去 1 点羁绊获得 [E] 。"
 },
 "falconer:Rejuvenation": {
 "NAME": "复苏",
 "DESCRIPTION": "每当你打出 3 张 falconer:连击 卡片时，获得 1 [E] 。"
 },
 "falconer:FalconPunchOld": {
 "NAME": "猎鹰拳",
 "DESCRIPTION": "在下一个回合结束时，对一个随机敌人造成 !M! 伤害。"
 },
 "falconer:HiddenBlade": {
 "NAME": "隐藏之刃",
 "DESCRIPTION": "造成 !D! 点伤害。 NL 施加 !M! 层 falconer:标记 。 NL 激活 falconer:标记 。"
 },
 "falconer:BackToBasics": {
 "NAME": "回归基础",
 "DESCRIPTION": "造成 !D! 点伤害。 NL falconer:技能连击 ：获得 !B! 点 格挡 。"
 },
 "falconer:FinalChapter": {
 "NAME": "最后一章",
 "DESCRIPTION": "激活 falconer:标记 !M! 次。 NL 消耗 。",
 "UPGRADE_DESCRIPTION": "激活 falconer:标记 !M! 次。"
 },
 "falconer:BirdsPrey": {
 "NAME": "鸟之猎物",
 "DESCRIPTION": "施加 !M! 层 falconer:标记 两次。 NL 激活 falconer:标记 两次。"
 },
 "falconer:Trinity": {
 "NAME": "三位一体",
 "DESCRIPTION": "对所有敌人施加 !M! 层 falconer:标记 。 NL 激活 falconer:标记 。 NL 获得 !B! 点 格挡 。"
 },
 "falconer:WeakSpot": {
 "NAME": "弱点",
 "DESCRIPTION": "造成 !D! 点伤害。如果敌人被 falconer:标记 施加 !M! 虚弱。"
 },
 "falconer:MarkedForDeath": {
 "NAME": "标记死亡",
 "DESCRIPTION": "施加 2 层 falconer:标记 。 NL 如果敌人没有被 falconer:标记 ，则施加 7 层 falconer:标记 。 NL 激活 falconer:标记 。",
 "UPGRADE_DESCRIPTION": " 固有 。 NL 施加 2 层 falconer:标记 。 NL 如果敌人没有被 falconer:标记 ，则施加 7 层 falconer:标记 。 NL 激活 falconer:标记 。"
 },
 "falconer:Accelerator": {
 "NAME": "加速器",
 "DESCRIPTION": "施加 !M! 层 falconer:标记 。 NL 不会激活 falconer:标记 。 NL 将 1 张 *反击 添加到你的手牌。",
 "UPGRADE_DESCRIPTION": "施加 !M! 层 falconer:标记 。不会激活 falconer:标记 。 NL 将 1 张 *反击+ 添加到你的手牌。"
 },
 "falconer:BraveBird": {
 "NAME": "勇敢之鸟",
 "DESCRIPTION": "造成 !D! 点伤害。 NL 如果你没有 falconer:羁绊 ，受到 4 点伤害。"
 },
 "falconer:VampiricTutor": {
 "NAME": "吸血鬼导师",
 "DESCRIPTION": "将 3 张牌从你的抽牌堆放在顶部。抽 1 张牌。受到 3 点伤害。",
 "UPGRADE_DESCRIPTION": "将 3 张牌从你的抽牌堆放在顶部。抽 1 张牌。"
 },
 "falconer:Tailwind": {
 "NAME": "顺风",
 "DESCRIPTION": "在你接下来的 !M! 回合开始时，将 1 张 *莲花+ 添加到你的手牌。",
 "UPGRADE_DESCRIPTION": "在你接下来的 !M! 回合开始时，将 1 张 *莲花+ 添加到你的手牌。"
 },
 "falconer:MajesticCall": {
 "NAME": "宁静之翼",
 "DESCRIPTION": "每当你打出一张 falconer:羁绊 卡片时，抽 1 张牌。"
 },
 "falconer:Hunt": {
 "NAME": "狩猎",
 "DESCRIPTION": "造成等同于你 falconer:羁绊 的伤害两次。 NL 获得 !M! 点 falconer:羁绊 。",
 "UPGRADE_DESCRIPTION": "造成等同于你 falconer:羁绊 的伤害三次。 NL 获得 !M! 点 falconer:羁绊 。"
 },
 "falconer:Overwatch": {
 "NAME": "监视",
 "DESCRIPTION": "重新充能起始遗物。",
 "UPGRADE_DESCRIPTION": " 保留 。 NL 重新充能起始遗物。"
 },
 "falconer:TalonsReach": {
 "NAME": "爪之触及",
 "DESCRIPTION": "每当你对敌人造成攻击伤害时，施加 !M! 层 falconer:标记 。 NL 不会激活 falconer:标记 。"
 },
 "falconer:Roost3": {
 "NAME": "栖息",
 "DESCRIPTION": "每当你打出一张0费牌时，获得 !M! 点 格挡 。"
 },
 "falconer:Roost": {
 "NAME": "栖息",
 "DESCRIPTION": "每当你抽到一张技能时，获得 !M! 点 格挡 。",
 "UPGRADE_DESCRIPTION": " 固有 。 NL 每当你抽到一张技能时，获得 !M! 点 格挡 。"
 },
"falconer:TickTock": {
 "NAME": "滴答滴答",
 "DESCRIPTION": "造成 !D! 点伤害。 NL 将 1 张 falconer:莲花 和 1 张 *反击 添加到手牌。",
 "UPGRADE_DESCRIPTION": "造成 !D! 点伤害。 NL 将 1 张 falconer:莲花 + 和 1 张 *反击+ 添加到手牌。"
},
"falconer:Wingman": {
 "NAME": "翼友",
 "DESCRIPTION": "抽 1 张牌。 NL 如果你抽到的是 falconer:连击 牌，再抽 1 张牌。",
 "UPGRADE_DESCRIPTION": " 保留 。 NL 抽 1 张牌。 NL 如果你抽到的是 falconer:连击 牌，再抽 1 张牌。"
},
"falconer:AerialSupport": {
 "NAME": "空中支援",
 "DESCRIPTION": "对所有敌人造成 !D! 点伤害。 NL 每当你本回合打出一张牌时，对所有敌人造成 !M! 点伤害。"
},
"falconer:ComboTrap": {
 "NAME": "连击陷阱",
 "DESCRIPTION": "造成 !D! 点伤害。 NL falconer:技能连击 ：下一回合，造成 !falconer:trapeffect! 点伤害。"
},
"falconer:TrappersDelight": {
 "NAME": "陷阱师的喜悦",
 "DESCRIPTION": "你每个回合打出的第一张 falconer:陷阱 牌将被打出两次。"
},
"falconer:DefectsTrap": {
 "NAME": "缺陷陷阱",
 "DESCRIPTION": "造成 !D! 点伤害。 NL 下一回合，获得 !falconer:trapeffect! 点 格挡 。"
},
"falconer:PiercingTrap": {
 "NAME": "穿透陷阱",
 "DESCRIPTION": "造成 !D! 点伤害。 NL 下一回合，目标敌人受到的攻击伤害增加 !falconer:trapeffect! 点。"
},
"falconer:SilentsTrap": {
 "NAME": "沉默陷阱",
 "DESCRIPTION": "造成 !D! 点伤害。 NL 下一回合，对目标敌人施加 !falconer:trapeffect! 层 虚弱 。"
},
"falconer:IroncladsTrap": {
 "NAME": "铁甲陷阱",
 "DESCRIPTION": "造成 !D! 点伤害。 NL 下一回合，对目标敌人施加 !falconer:trapeffect! 层 易伤 。"
},
"falconer:EnfeeblingTrap": {
 "NAME": "削弱陷阱",
 "DESCRIPTION": "造成 !D! 点伤害。 NL 下一回合，减少敌人力量 !falconer:trapeffect! 点。"
},
"falconer:WatchersTrap": {
 "NAME": "守望者陷阱",
 "DESCRIPTION": "造成 !D! 点伤害。 NL 下一回合，对目标敌人施加 !falconer:trapeffect! 层 falconer:标记 并激活 falconer:标记 。"
},
"falconer:MultiTrap": {
 "NAME": "多重陷阱",
 "DESCRIPTION": "对所有敌人造成 !D! 点伤害。 NL 下一回合，对所有敌人造成 !falconer:trapeffect! 点伤害。"
},
"falconer:PrimevilLotus": {
 "NAME": "原始莲花",
 "DESCRIPTION": "造成 !D! 点伤害。 NL falconer:技能连击 ：你每有一种 buff，额外造成 !falconer:buffdmg! 点伤害。"
},
"falconer:TakingTurns": {
 "NAME": "轮流攻击",
 "DESCRIPTION": "造成 !D! 点伤害。如果敌人受到 falconer:陷阱 牌的影响，再造成 !D! 点伤害。"
},
"falconer:ScoutTutor": {
 "NAME": "侦察兵导师",
 "DESCRIPTION": "获得 !B! 点 格挡 。 NL falconer:攻击连击 ：选择抽牌堆的 1 张牌放置在牌堆顶部。"
},
"falconer:DefensiveOpening": {
 "NAME": "守势开局",
 "DESCRIPTION": "仅作为第一张牌打出。 NL 获得 !B! 点 格挡 。 NL 每打出 3 次攻击后，获得 !B! 点 格挡 。",
 "UPGRADE_DESCRIPTION": "仅作为前三张牌之一打出。 NL 获得 !B! 点 格挡 。 NL 每打出 3 次攻击后，获得 !B! 点 格挡 。"
},
"falconer:OffensiveOpening": {
 "NAME": "攻势开局",
 "DESCRIPTION": "仅作为第一张牌打出。 NL 对敌人施加 !M! 层 易伤 。每打出 3 次攻击后，对所有敌人造成 !falconer:damage2! 点伤害。",
 "UPGRADE_DESCRIPTION": "仅作为前三张牌之一打出。 NL 对敌人施加 !M! 层 易伤 。每打出 3 次攻击后，对所有敌人造成 !falconer:damage2! 点伤害。"
},
"falconer:GrandOpening": {
 "NAME": "盛大开局",
 "DESCRIPTION": "仅作为第一张牌打出。 NL 获得 [E] 。每打出 3 次攻击后，抽 !M! 张牌。",
 "UPGRADE_DESCRIPTION": "仅作为前三张牌之一打出。 NL 获得 [E] 。每打出 3 次攻击后，抽 !M! 张牌。"
},
"falconer:Patience": {
 "NAME": "耐心",
 "DESCRIPTION": "每当你打出一张 falconer:陷阱 牌时，激活 falconer:标记 。"
},
"falconer:TheWall": {
 "NAME": "坚壁",
 "DESCRIPTION": " 保留 。 NL 获得 !B! 点 格挡 。 NL 消耗 手牌中所有0费牌，每张获得 !B! 点 格挡 。"
},
"falconer:FalconPunch": {
 "NAME": "猎鹰拳",
 "DESCRIPTION": " 保留 。 NL 造成 !D! 点伤害。 NL 将所有 0 消耗 的牌消耗 以再次造成 !D! 点伤害。"
},
"falconer:Command": {
 "NAME": "命令",
 "DESCRIPTION": "每当你本回合攻击时，敌人受到 !D! 点伤害。"
},
"falconer:NaturalImmunity": {
 "NAME": "自然免疫",
 "DESCRIPTION": "通过 falconer:羁绊 获得 力量 时额外获得 1 点 敏捷 。",
 "UPGRADE_DESCRIPTION": " 固有 。 NL 通过 falconer:羁绊 获得 力量 时额外获得 1 点敏捷。"
},
"falconer:Teamwork": {
 "NAME": "团队合作",
 "DESCRIPTION": "每当你打出一张 falconer:连击 牌时，获得 !M! 点 falconer:羁绊 。"
},
"falconer:BondingMoment": {
 "NAME": "羁绊时刻",
 "DESCRIPTION": "因 falconer:羁绊 牌获得 falconer:羁绊 时， NL 额外 !M! 点 falconer:羁绊 。",
 "UPGRADE_DESCRIPTION": " 固有 。 NL 因 falconer:羁绊 牌获得 falconer:羁绊 时， NL 额外 !M! 点 falconer:羁绊 。"
},
"falconer:CombatArtist": {
 "NAME": "战斗艺术家",
 "DESCRIPTION": "你的 falconer:连击 牌造成 !M! 额外伤害。",
 "UPGRADE_DESCRIPTION": "你的 falconer:连击 牌造成 !M! 额外伤害。"
},
"falconer:FeatherStorm": {
 "NAME": "羽毛风暴",
 "DESCRIPTION": "获得 !B! 点 格挡 。 NL falconer:攻击连击 ：抽 !M! 张牌。"
},
"falconer:FalconersTrap": {
 "NAME": "猎鹰陷阱",
 "DESCRIPTION": "造成 !D! 点伤害。 NL 下一回合，获得 !falconer:trapeffect! 点 falconer:羁绊 。"
},
"falconer:XMarksTheSpot": {
 "NAME": "X标记点",
 "DESCRIPTION": "施加 !M! 层 falconer:标记 X 次。 NL 激活 falconer:标记 。",
 "UPGRADE_DESCRIPTION": "施加 !M! 层 falconer:标记 X+1 次。 NL 激活 falconer:标记 。"
},
"falconer:MidasClaw": {
 "NAME": "迈达斯之爪",
 "DESCRIPTION": "造成 !D! 点伤害。 NL 如果你至少有 4 点 falconer:羁绊 ，获得 !M! 金币。 NL 消耗 。"
},
"falconer:ChainRiposte": {
 "NAME": "连锁反击",
 "DESCRIPTION": "获得 X+1 层 荆棘 。 NL 获得 X+1 点 格挡 。 NL 消耗 。",
 "UPGRADE_DESCRIPTION": "获得 X+2 层荆棘。 NL 获得 X+2 点 格挡 。 NL 消耗 。"
},
"falconer:Treat": {
 "NAME": "款待",
 "DESCRIPTION": "获得 !M! 点 falconer:羁绊 。"
},
"falconer:FalconForm": {
 "NAME": "猎鹰形态",
 "DESCRIPTION": " 虚无 。 NL 在每个回合开始时从你的抽牌堆中选择一张牌打出。",
 "UPGRADE_DESCRIPTION": "在每个回合开始时从你的抽牌堆中选择一张牌打出。"
},
"falconer:Hide": {
 "NAME": "隐藏",
 "DESCRIPTION": "获得 !M! 点 临时敏捷 。 NL 将 1 张 *干预 添加到手牌。"
},
"falconer:PreparedStrike": {
 "NAME": "热身攻击",
 "DESCRIPTION": "造成 !D! 点伤害。你下一次打出的攻击牌消耗 为 0。"
},
"falconer:LotusStrike": {
 "NAME": "莲花打击",
 "DESCRIPTION": "造成 !D! 点伤害。 NL falconer:技能连击 ：将 1 张 *莲花 添加到手牌。",
 "UPGRADE_DESCRIPTION": "造成 !D! 点伤害。 NL falconer:技能连击 ：将 1 张 *莲花+ 添加到手牌。"
},
"falconer:FalconSquadron": {
 "NAME": "猎鹰中队",
 "DESCRIPTION": "每当你打出一张 falconer:连击 牌时，对生命值最低的敌人造成 !M! 点伤害。"
 }
}