[
 {
 "PROPER_NAME": "This is displayed in the tooltip.",
 "NAMES": [
  "these",
  "are",
  "detected",
  "in",
  "the",
  "text"
 ],
 "DESCRIPTION": "This is displayed in the tooltip. Spaces should not be used be avoided in NAMES, with the exception of multi-word keywords (see next entry)."
 },
 {
 "PROPER_NAME": "Multiword Keyword",
 "NAMES": [
  "multiword keyword",
  "multiword_keyword",
  "multiword_keywords"
 ],
 "DESCRIPTION": "Make sure the first element in NAMES has no underscores. The rest should use _ in the place of spaces. In card text, you'll use the underscore versions."
 },
 {
 "PROPER_NAME": "陷阱",
 "NAMES": [
  "陷阱",
  "陷阱:"
 ],
 "DESCRIPTION": "名字带 #y陷阱 的攻击牌。"
 },
 {
 "PROPER_NAME": "连击",
 "NAMES": [
  "连击",
  "连击。",
  "连击，",
  "连击:"
 ],
 "DESCRIPTION": "技能连击、攻击连击。"
 },
 {
 "PROPER_NAME": "攻击连击",
 "NAMES": [
  "攻击连击",
  "攻击连击:"
 ],
 "DESCRIPTION": "如果本回合打出上一张牌是 #y攻击牌，则触发效果。"
 },
 {
 "PROPER_NAME": "技能连击",
 "NAMES": [
  "技能连击",
  "技能连击:"
 ],
 "DESCRIPTION": "如果本回合打出上一张牌是 #y技能牌，则触发效果。"
 },
 {
 "PROPER_NAME": "羁绊",
 "NAMES": [
  "羁绊",
  "羁绊。"
 ],
 "DESCRIPTION": "在 #b3 点 #y羁绊 时获得 1 点 #y力量 。 NL 在 #b6 点 #y羁绊 时获得 1 点 #y力量 、获得 [E] [E] 并重置羁绊计数。"
 },
 {
 "PROPER_NAME": "标记",
 "NAMES": [
  "标记",
  "标记。",
  "标记",
  "标记。",
  "已标记",
  "已标记。"
 ],
 "DESCRIPTION": "每当你给予敌人 #y标记 时，所有敌人失去与其标记计数相等的 #y生命值。"
 },
 {
 "PROPER_NAME": "莲花",
 "NAMES": [
  "莲花",
  "莲花"
 ],
 "DESCRIPTION": "造成伤害。 #y技能连击 ：获得 [E] 。"
 }
]
