{
 "falconer:PotionID": {
  "NAME": "Some Kind of Potion",
  "DESCRIPTIONS": [
   "Little",
   " pieces ",
   "that get put together",
   " into a description.",
   " Exactly how depends on the potion, and you can set it up however you want."
  ]
 },
 "falconer:BondPotion": {
  "NAME": "羁绊药水",
  "DESCRIPTIONS": [
   "获得 #b",
   " 点 #y羁绊。"
  ]
 },
 "falconer:MarkPotion": {
  "NAME": "标记药水",
  "DESCRIPTIONS": [
   "对一个敌人施加 #b",
   " 层 #y标记。"
  ]
 },
 "falconer:BlindPotion": {
  "NAME": "致盲药水",
  "DESCRIPTIONS": [
   "目标敌人在 #b",
   " 回合内无法造成伤害。"
  ]
 }
}