{
 "falconer:PowerID": {
  "NAME": "Ultimate Power",
  "DESCRIPTIONS": [
   "You are Very Cool and Strong."
  ]
 },
 "falconer:BondPower": {
 "NAME": "羁绊",
 "DESCRIPTIONS": [
  "当 #y羁绊 达到 #b3 时获得 1 点 #y力量 。当 #y羁绊 达到 #b6 时获得 1 点 #y力量 ，获得 [E] [E] 并重置羁绊计数。"
 ]
},
"falconer:CheapCardPower": {
 "NAME": "降低消耗",
 "DESCRIPTIONS": [
  "你下一个打出的 #y牌 费用减少 1。",
  "你接下来打出的 #b",
  " #y牌 费用减少 1。"
 ]
},
"falconer:EnGardePower": {
 "NAME": "备战",
 "DESCRIPTIONS": [
  "每当你打出 #y莲花、 #y反击 或 #y陷阱 牌时，你的下一次攻击造成 #b",
  " 额外伤害。"
 ]
},
"falconer:WindShieldPower": {
 "NAME": "风盾",
 "DESCRIPTIONS": [
  "你的敌人造成的攻击伤害减少 #b",
  " 点。"
 ]
},
"falconer:AuctionPower": {
 "NAME": "拍卖",
 "DESCRIPTIONS": [
  "再打出 #b",
  " 张牌后，抽 #b",
  " 张牌。"
 ]
},
"falconer:StunPower": {
 "NAME": "昏迷",
 "DESCRIPTIONS": [
  "受到昏迷烟雾的影响",
  " "
 ]
},
"falconer:StealthPower": {
 "NAME": "隐形",
 "DESCRIPTIONS": [
  "你本回合不受 #y攻击伤害 。在回合结束时失去。不叠加。",
  " "
 ]
},
"falconer:ClockPower": {
 "NAME": "逆时针",
 "DESCRIPTIONS": [
  "每当你打出一张 #y连击 牌时，对一个随机敌人造成 #b",
  " 点伤害。"
 ]
},
"falconer:BlackPower": {
 "NAME": "迫近的厄运",
 "DESCRIPTIONS": [
  "在你的回合结束时，受到 #b",
  " 点伤害。"
 ]
},
"falconer:OneStepAheadPower": {
 "NAME": "快人一步",
 "DESCRIPTIONS": [
  "在你的回合开始时，将 #b",
  " 张 #y反击 添加到手牌。"
 ]
},
"falconer:RejuvenationPower": {
 "NAME": "复苏",
 "DESCRIPTIONS": [
  "每当你打出 3 张 #y连击 牌时，获得 #b",
  " 点能量。"
 ]
},
"falconer:FalconPunchPower": {
 "NAME": "猎鹰拳",
 "DESCRIPTIONS": [
  "下回合造成 #b",
  " 点伤害。"
 ]
},
"falconer:MarkNewPower": {
 "NAME": "标记",
 "DESCRIPTIONS": [
  "每当你打出一张 #y标记 牌，造成 #b",
  " 点伤害。"
 ]
},
"falconer:TailwindPower": {
 "NAME": "顺风",
 "DESCRIPTIONS": [
  "在你的下 #b",
  " 个回合开始时，将一张 #y莲花+ 添加到手牌。"
 ]
},
"falconer:BondDrawPower": {
 "NAME": "羁绊抽牌",
 "DESCRIPTIONS": [
  "当你打出与 #y羁绊 相关的牌时，抽 #b",
  " 张牌。"
 ]
},
"falconer:MarkAttackPower": {
 "NAME": "标记攻击",
 "DESCRIPTIONS": [
  "每当你对敌人造成攻击伤害时，施加 #b",
  " 层 #y标记。"
 ]
},
"falconer:SkillBlockPower": {
 "NAME": "技能格挡",
 "DESCRIPTIONS": [
  "每当你抽到一张 # y技能 牌时，获得 #b",
  " 点 #y格挡。"
 ]
},
"falconer:RoostPower": {
 "NAME": "栖息",
 "DESCRIPTIONS": [
  "每当你打出一张 费用为 #y0 的牌，获得 #b",
  " 点 格挡。"
 ]
},
"falconer:DamageAllPower": {
 "NAME": "空中支援",
 "DESCRIPTIONS": [
  "每当你本回合打出一张牌时，对所有敌人造成 #b",
  " 点伤害。"
 ]
},
 "falconer:IroncladsTrapPower": {
 "NAME": "铁甲陷阱",
 "DESCRIPTIONS": [
  "下一回合，造成 #b",
  " 点伤害。"
 ]
},
"falconer:TrappersDelightPower": {
 "NAME": "陷阱师的喜悦",
 "DESCRIPTIONS": [
  "每回合打出的前 #b",
  " 张 #y陷阱 打出两次。"
 ]
},
"falconer:DefectsTrapPower": {
 "NAME": "缺陷陷阱",
 "DESCRIPTIONS": [
  "下一回合，获得 #b",
  " 点 #y格挡 。"
 ]
},
"falconer:PiercingTrapPower": {
 "NAME": "穿透",
 "DESCRIPTIONS": [
  "下一回合，目标敌人受到的攻击伤害增加 #b",
  " 点。"
 ]
},
"falconer:TakeMoreDamagePower": {
 "NAME": "增加受到伤害",
 "DESCRIPTIONS": [
  "本回合，目标敌人受到的攻击伤害增加 #b",
  " 点。"
 ]
},
"falconer:WeakeningTrapPower": {
 "NAME": "衰弱陷阱",
 "DESCRIPTIONS": [
  "下一回合，对目标敌人施加 #b",
  " 层 #y虚弱 。"
 ]
},
"falconer:CorrosiveTrapPower": {
 "NAME": "腐蚀陷阱",
 "DESCRIPTIONS": [
  "下一回合，对目标敌人施加 #b",
  " 层 #y易伤 。"
 ]
},
"falconer:EnfeeblingTrapPower": {
 "NAME": "削弱陷阱",
 "DESCRIPTIONS": [
  "下一回合，目标敌人 #y力量 #b",
  " 。"
 ]
},
"falconer:SilentsTrapPower": {
 "NAME": "沉默陷阱",
 "DESCRIPTIONS": [
  "下一回合，对目标敌人施加 #b",
  " 层 #y虚弱 "
 ]
},
"falconer:WatchersTrapPower": {
 "NAME": "守望者陷阱",
 "DESCRIPTIONS": [
  "下一回合，对目标敌人施加 #b",
  " 层 #y标记 。"
 ]
},
"falconer:MultiTrapPower": {
 "NAME": "多重陷阱",
 "DESCRIPTIONS": [
  "下一回合，对所有敌人造成 #b",
  " 点伤害。"
 ]
},
"falconer:OpeningPower": {
 "NAME": "启始之力",
 "DESCRIPTIONS": [
  "如果你本回合打出 3 张攻击牌，抽 #b",
  " 张牌。"
 ]
},
"falconer:DefensiveOpeningPower": {
 "NAME": "守势开局",
 "DESCRIPTIONS": [
  "如果你本回合打出 3 张攻击牌，获得 #b",
  " 点 #y格挡。"
 ]
},
"falconer:OffensiveOpeningPower": {
 "NAME": "攻势开局",
 "DESCRIPTIONS": [
  "如果你本回合打出 3 张攻击牌，对所有敌人造成 #b",
  " 点伤害。"
 ]
},
"falconer:BondingMomentPowerOld": {
 "NAME": "羁绊时刻",
 "DESCRIPTIONS": [
  "每当你获得 #y格挡，获得 #b",
  " 点 #y羁绊。"
 ]
},
"falconer:PatiencePower": {
 "NAME": "耐心",
 "DESCRIPTIONS": [
  "每当你打出一张 #y陷阱 牌时，激活 #y标记 #b",
  " 次。"
 ]
},
"falconer:TeamworkPower": {
 "NAME": "团队合作",
 "DESCRIPTIONS": [
  "每当你打出一张 #y连击 牌时，获得 #b",
  " 点 #y羁绊。"
 ]
},
"falconer:BondingMomentPower": {
 "NAME": "羁绊时刻",
 "DESCRIPTIONS": [
  "#y羁绊 牌获得 #b",
  " 额外的 #y羁绊 。"
 ]
},
"falconer:CombatArtistPower": {
 "NAME": "战斗艺术家",
 "DESCRIPTIONS": [
  "你的连击攻击造成 #b",
  " 额外伤害。"
 ]
},
"falconer:SmokeBombPower": {
 "NAME": "烟雾弹",
 "DESCRIPTIONS": [
  "本回合不造成伤害。"
 ]
},
"falconer:FalconersTrapPower": {
 "NAME": "猎鹰者的陷阱",
 "DESCRIPTIONS": [
  "下一回合，获得 #b",
  " 点 #y羁绊。"
 ]
},
"falconer:FalconFormPower": {
 "NAME": "猎鹰形态",
 "DESCRIPTIONS": [
  "在你的回合开始时，从你的抽牌堆中选择 #b",
  " 张牌打出。"
 ]
},
"falconer:BondPowerPlus": {
 "NAME": "羁绊+",
 "DESCRIPTIONS": [
  "当羁绊达到 #b3 时获得1点 #y力量和敏捷 。当羁绊达到 #b6 时获得1点 #y力量和敏捷 ，获得 [E] [E] 并重置羁绊计数。"
 ]
},
"falconer:SquadronPower": {
 "NAME": "中队之力",
 "DESCRIPTIONS": [
  "每当你打出一张 #y连击 牌，对生命值最低的敌人造成 #b",
  " 点伤害。"
 ]
},
"falconer:BondPowerUltra": {
 "NAME": "超级羁绊",
 "DESCRIPTIONS": [
  "当 #y羁绊 达到 #b3 和 #b6 时，获得 #b",
  " 点 #y敏捷 。"
 ]
}
}