{
 "falconer:RelicID": {
  "NAME": "Good Relic",
  "FLAVOR": "Flavor text displayed in detailed relic view.",
  "DESCRIPTIONS": [
   "Gain [E] at the start of your turn. [E] is an energy icon."
  ]
 },
 "falconer:SteelKnuckles": {
  "NAME": "钢指虎",
  "FLAVOR": "近身肉搏。",
  "DESCRIPTIONS": [
   "你的连击牌造成 #b",
   " 额外伤害。"
  ]
 },
 "falconer:GrowingBond": {
  "NAME": "日益增长的羁绊",
  "FLAVOR": "你从不孤单。",
  "DESCRIPTIONS": [
   "在你的回合开始时获得 #b",
   " #y羁绊。"
  ]
 },
 "falconer:Brewery": {
  "NAME": "酿酒厂",
  "FLAVOR": "最古老的炼金术！",
  "DESCRIPTIONS": [
   "在你的回合开始时，如果你有 #b4层或以上 buff，",
   " 随机创造出一瓶药水。"
  ]
 },
 "falconer:TagTeam": {
 "NAME": "猎鹰",
 "FLAVOR": "瞄准眼睛！",
 "DESCRIPTIONS": [
  "每场战斗第一次打出 #y连击 牌时，",
  " 对所有敌人施加 #b2 层 #y虚弱 。"
 ]
},
 "falconer:Fledgeling": {
  "NAME": "雏鹰",
  "FLAVOR": "瞄准心脏！",
  "DESCRIPTIONS": [
   "你第一次打出 #y连击 牌时，",
   " 对所有敌人施加 #b1 层 #y易伤 。"
  ]
 },
 "falconer:Afterburner": {
  "NAME": "后燃器",
  "FLAVOR": "你受伤了吗？",
  "DESCRIPTIONS": [
   "在每个回合开始时，",
   " 对所有敌人施加 1 层 #y易伤 。"
  ]
 },
 "falconer:MarkingAmulet": {
  "NAME": "标记护身符",
  "FLAVOR": "它很适合你。",
  "DESCRIPTIONS": [
   "在每场战斗开始时，",
   " 对所有敌人施加 #b5 层 #y标记。"
  ]
 },
 "falconer:Tracker": {
  "NAME": "追踪者",
  "FLAVOR": "无处可逃。",
  "DESCRIPTIONS": [
   "每个回合第一次打出 #y导师 牌时，",
   " 获得 [E] 。"
  ]
 },
 "falconer:RelentlessFalcon": {
  "NAME": "无情猎鹰",
  "FLAVOR": "永不放松。",
  "DESCRIPTIONS": [
   "每个回合第一次打出 #b3 张攻击牌时，",
   " 获得 [E] 。"
  ]
 },
 "falconer:UndyingBond": {
  "NAME": "不朽羁绊",
  "FLAVOR": "虽然友谊的代价常常很高，我们共同的痛苦推动我们走得更远。",
  "DESCRIPTIONS": [
   "每当你失去生命时，",
   " 获得 #b1 点羁绊。"
  ]
 },
 "falconer:Binoculars": {
  "NAME": "双筒望远镜",
  "FLAVOR": "目标已锁定。",
  "DESCRIPTIONS": [
   "每个回合第一次攻击 被 #y标记 的敌人时，",
   " 获得 [E] 。"
  ]
 },
 "falconer:Talisman": {
  "NAME": "护身符",
  "FLAVOR": "热情起舞。",
  "DESCRIPTIONS": [
   "每当你 攻击一个被 #y标记 的敌人时，",
   " 获得 #b2 点格挡。"
  ]
 }
}
