{
 "dioMod:Strike": {
 "NAME": "打击",
 "DESCRIPTION": "造成 !D! 伤害。"
 },
 "dioMod:Defend": {
 "NAME": "防御",
 "DESCRIPTION": "获得 !B! 格挡。"
 },
 "dioMod:Muda": {
 "NAME": "木大",
 "DESCRIPTION": "造成 !D! 伤害。 将弃牌堆的所有木大牌放入你的手牌。 NL 消耗 4。"
 },
 "dioMod:Freeze": {
 "NAME": "气化冷冻法",
 "DESCRIPTION": "获得 !B! 格挡。 NL 给予 !M! 虚弱 。"
 },
 "dioMod:WRYYY": {
 "NAME": "WRYYY",
 "DESCRIPTION": " 预见 !M!。"
 },
 "dioMod:SevenPageMuda": {
 "NAME": "七页木大",
 "DESCRIPTION": "造成 !D! 伤害 !M! 次。 NL 消耗 。"
 },
 "dioMod:StreetSign": {
 "NAME": "路标",
 "DESCRIPTION": "造成 !D! 伤害。 NL 给予 !M! 易伤 。"
 },
 "dioMod:Donut": {
 "NAME": "洗内卡Q因",
 "DESCRIPTION": "如果一个敌人拥有 易伤 状态, 造成 !D! 伤害。"
 },
 "dioMod:SadisticLaugh": {
 "NAME": "暴虐的笑声",
 "DESCRIPTION": "获得一个敌人 虚弱 和 易伤 总层数的力量。 NL 消耗 。"
 },
 "dioMod:BloodSplash": {
 "NAME": "以血蒙眼",
 "DESCRIPTION": "失去 1 生命。 NL 给予 !M! 虚弱 。"
 },
 "dioMod:Hiss": {
 "NAME": "嘘",
 "DESCRIPTION": "给予 2 易伤 。 NL 抽一张牌。"
 },
 "dioMod:Despair": {
 "NAME": "绝望",
 "DESCRIPTION": "如果一个敌人同时拥有 虚弱 和 易伤 , 移除他所有增益。 NL 消耗 。"
 },
 "dioMod:LaserVision": {
 "NAME": "空裂眼刺惊",
 "DESCRIPTION": "对所有敌人造成 !D! 伤害。"
 },
 "dioMod:TripleThreat": {
 "NAME": "三倍恐惧",
 "DESCRIPTION": "造成 !D! 伤害。 如果敌人有 易伤 状态, 再造成 !D! 伤害。 如果敌人有 虚弱 状态, 再次造成 !D! 伤害。"
 },
 "dioMod:PhantomBlood": {
 "NAME": "幻影之血",
 "DESCRIPTION": "将所有未格挡伤害降至 1。 在你的回合开始时, 失去 6 生命。 NL 虚无。"
 },
 "dioMod:Regeneration": {
 "NAME": "再生",
 "DESCRIPTION": "当你失去生命时, 回复 1 生命。 NL (恢复的不能大于失去的。)"
 },
 "dioMod:VengefulMuda": {
 "NAME": "复仇的木大",
 "DESCRIPTION": "造成 !D! 伤害。 NL 每当你失去生命时, 在本场战斗增加此卡伤害 !M! 。"
 },
 "dioMod:BloodShield": {
 "NAME": "血之护盾",
 "DESCRIPTION": "失去 1 生命。 NL 获得 !B! 格挡。"
 },
 "dioMod:UltimateSacrifice": {
 "NAME": "最终血祭",
 "DESCRIPTION": "抽 X 张牌。 NL 获得 2倍的 [E] 。 NL 失去 2 生命 X 次。 NL 消耗 。"
 },
 "dioMod:ComboFever": {
 "NAME": "快速连打",
 "DESCRIPTION": "本回合你每造成一次攻击伤害, 获得 !M! 格挡。"
 },
 "dioMod:Refresh": {
 "NAME": "重生",
 "DESCRIPTION": "将消耗 堆中所有名字带有“木大” 的牌加入手牌 。 NL 消耗 。"
 },
 "dioMod:MudaMudaMuda": {
 "NAME": "木大木大木大",
 "DESCRIPTION": "你每造成一次攻击伤害, 获得 1 临时力量 。"
 },
 "dioMod:GoldVial": {
 "NAME": "金药瓶",
 "DESCRIPTION": "获得 !M! 点 再生 。 NL 消耗 。"
 },
 "dioMod:FlyAway": {
 "NAME": "逃跑路线",
 "DESCRIPTION": "获得 !B! 格挡。 NL 抽 !M! 张牌。"
 },
 "dioMod:RoadRoller": {
 "NAME": "泷泽萝拉哒",
 "DESCRIPTION": "造成 !D! 伤害。 NL 这张卡在本场战斗中的伤害翻倍。"
 },
 "dioMod:KonoDioDa": {
 "NAME": "Kono Dio Da!",
 "DESCRIPTION": "将一张卡从弃牌堆放入手牌。 NL 打出前为 0 费。 NL 消耗 。"
 },
 "dioMod:ZaWarudo": {
 "NAME": "砸!瓦鲁多！",
 "DESCRIPTION": "本回合结束后进行一个额外的回合并保留手牌至当前回合结束。 NL 消耗 。"
 },
 "dioMod:BloodSuck": {
 "NAME": "吸血",
 "DESCRIPTION": "造成 !D! 伤害。 NL 回复未格挡的伤害值的生命。 NL 消耗 。"
 },
 "dioMod:HeavyLifting": {
 "NAME": "举重",
 "DESCRIPTION": "获得 [E] 等于你一张手牌的费用。 NL 消耗 。"
 },
 "dioMod:PathToHeaven": {
 "NAME": "通往天堂的道路",
 "DESCRIPTION": "在你的牌组中加入一张 *绿色婴儿 。 NL 消耗 。"
 },
 "dioMod:GreenBaby": {
 "NAME": "绿色婴儿",
 "DESCRIPTION": "在你的牌组中加入一张 *十四句暗语 。 NL 消耗 。"
 },
 "dioMod:OverHeaven": {
 "NAME": "超越天堂",
 "DESCRIPTION": "直接杀死一名敌人。"
 },
 "dioMod:DominatingPresence": {
 "NAME": "波波的楼梯",
 "DESCRIPTION": " 固有 。 NL 对所有敌人给予 !M! 层 易伤 。 NL 消耗 。"
 },
 "dioMod:Roundabout": {
 "NAME": "标 准 结 局",
 "DESCRIPTION": "获得 !B! 格挡。 NL 将你打出的下一张牌放到抽牌堆的顶部。"
 },
 "dioMod:GoodbyeJojo": {
 "NAME": "撒有哪啦 jojo!",
 "DESCRIPTION": "如果一个敌人的生命值小于等于 !M! , 将他的生命值变成 0。 NL 消耗 。"
 },
 "dioMod:DisarmingVoice": {
 "NAME": "战栗的声音",
 "DESCRIPTION": "目标敌人本回合失去 !M! 点力量。"
 },
 "dioMod:TheWalk": {
 "NAME": "时停搬波波",
 "DESCRIPTION": " 固有 。 NL 抽 !M! 张牌。 NL 获得 1 力量。 NL 消耗 。"
 },
 "dioMod:DarkRebirth": {
 "NAME": "我不做人啦",
 "DESCRIPTION": "当你濒死时, 免死并回复 !M! % 生命。"
 },
 "dioMod:DaggerToss": {
 "NAME": "时停扔飞刀",
 "DESCRIPTION": "对所有敌人造成 !D! 伤害 3 次。"
 },
 "dioMod:Diversion": {
 "NAME": "日面包",
 "DESCRIPTION": "造成 !D! 伤害。 NL 将一张牌放到抽牌堆的顶部。"
 },
 "dioMod:CoffinBath": {
 "NAME": "DIO棺材",
 "DESCRIPTION": "移除你所有的负面效果。 NL 获得 !B! 格挡。 NL 结束你的回合。 NL 消耗 。"
 },
 "dioMod:Pluck": {
 "NAME": "布拉霍的启迪",
 "DESCRIPTION": "在你偶数回合开始时, 抽 1 张牌。 在你的奇数回合开始时, 获得 3 临时力量 。"
 },
 "dioMod:FourteenPhrases": {
 "NAME": "十四句暗语",
 "DESCRIPTION": "将一张 *超越天堂 放入你的牌组。 NL 消耗 。"
 },
 "dioMod:DoubleTime": {
 "NAME": "再放送",
 "DESCRIPTION": "本回合你下次打出的卡会打出两次。 NL 消耗 。"
 },
 "dioMod:CautiousMuda": {
 "NAME": "谨慎的木大",
 "DESCRIPTION": "获得 !B! 格挡。 NL 造成 !D! 伤害。"
 },
 "dioMod:SecretPlan": {
 "NAME": "秘密计划",
 "DESCRIPTION": "下个回合, 获得 [E] 并抽一张牌。"
 },
 "dioMod:ComposedMuda": {
 "NAME": "冷静的木大",
 "DESCRIPTION": "造成 !D! 伤害。 NL 如果你本回合失去过生命, 获得 [E] 并抽一张牌。"
 },
 "dioMod:CutDeep": {
 "NAME": "吸老东西的血",
 "DESCRIPTION": "每当你给予敌人一次负面状态时, 他们失去 !M! 点 临时力量 。"
 },
 "dioMod:SlashThroughTime": {
 "NAME": "穿越时间",
 "DESCRIPTION": "造成 !D! 伤害。 NL 预见 !M!。"
 },
 "dioMod:DaggerSpree": {
 "NAME": "一大把飞刀",
 "DESCRIPTION": "对随机敌人造成 !D! 伤害 X 次。"
 },
 "dioMod:BloodTransfusion": {
 "NAME": "输血",
 "DESCRIPTION": "失去 2 生命。 NL 在战斗结束时, 回复 !M! 生命。"
 },
 "dioMod:Minions": {
 "NAME": "尸生人军团",
 "DESCRIPTION": "在你的回合结束时, 随机对敌人造成 3 伤害 X 次。"
 },
 "dioMod:BlendIn": {
 "NAME": "混入其中",
 "DESCRIPTION": "面前每有一个敌人获得 !B! 格挡。"
 }
}
