{
"dioMod:PhantomBloodPower": {
        "NAME": "幻影之血",
        "DESCRIPTIONS": ["将你所有未格挡的伤害降至 1。 在你的回合开始时, 失去 "," 生命。"]
},
"dioMod:ThickSkinPower": {
        "NAME": "",
        "DESCRIPTIONS": ["每当你失去生命时, 回复 "," 生命。"]
},
        "dioMod:ComboFeverPower": {
                "NAME": "快速连打",
                "DESCRIPTIONS": ["本回合你每造成一次攻击伤害, 获得 "," 格挡。"]
        },
        "dioMod:MudaMudaMudaPower": {
                "NAME": "木大木大木大",
                "DESCRIPTIONS": ["你每造成一次攻击伤害, 获得 "," 临时力量 。"]
        },
        "dioMod:DarkRebirthPower": {
                "NAME": "我不做人啦",
                "DESCRIPTIONS": ["当你濒死时, 免死并回复 ","% 生命。"]
        },
        "dioMod:PluckPower": {
                "NAME": "布拉霍的启迪",
                "DESCRIPTIONS": ["在你偶数回合开始时, 抽 "," 张牌。 在你的奇数回合开始时, 获得 "," 临时力量 。"]
        },
        "dioMod:RegenerationPower": {
                "NAME": "再生",
                "DESCRIPTIONS": ["每当你失去生命时, 回复 "," 生命."]
        },
        "dioMod:DoubleTimePower": {
                "NAME": "再放送",
                "DESCRIPTIONS": ["本回合你下 "," 张打出的牌会打出两次"]
        },
        "dioMod:CutDeepPower": {
                "NAME": "吸老东西的血",
                "DESCRIPTIONS": ["每当你给予敌人一次负面状态时, 他们失去 "," 点临时力量."]
        },
        "dioMod:MinionsPower": {
                "NAME": "尸生人军团",
                "DESCRIPTIONS": ["在你的回合结束时, 对随机敌人造成 3 伤害 "," 次."]
        },
        "dioMod:RagingInfernoPower": {
                "NAME": "Raging Inferno",
                "DESCRIPTIONS": ["Whenever you attack this enemy, take "," damage. At the start of its turn, you take "," damage."]
        }
}