{
  "Polnareff": {
    "NAME": "波鲁那雷夫",
    "MOVES": [
      "Mock",
      "Slice n' Dice",
      "Defend"

    ],
    "DIALOG": [
      ""
    ]
  },
  "Avdol": {
    "NAME": "阿布德尔",
    "MOVES": [
      "Flame Whip",
      "Flame Wall",
      "Crossfire Hurricane"

    ],
    "DIALOG": [
      ""
    ]
  },
  "Joseph": {
    "NAME": "乔瑟夫",
    "MOVES": [
      "Hamon Flow",
      "Buff",
      "Hermit Purple"

    ],
    "DIALOG": [
      ""
    ]
  },
  "Jotaro": {
    "NAME": "空条承太郎",
    "MOVES": [
      "Intimidate",
      "Ora Ora Ora",
      "ORA!",
      "Yare Yare Daze"

    ],
    "DIALOG": [
      "Dio...",
      "Yare Yare Daze..",
      "That's it..."
    ]
  },
  "Kars": {
    "NAME": "卡兹",
    "MOVES": [
      "Defense Mode",
      "Feather Storm",
      "Hamon Punch",
      "Attack Mode"

    ],
    "DIALOG": [

    ]
  },
  "Esidisi": {
    "NAME": "艾特西",
    "MOVES": [
      "Vessel Whips",
      "Boiling Injection",
      "Up the Heat"
    ],
    "DIALOG": [
    ]
  },
  "Wamuu": {
    "NAME": "瓦姆乌",
    "MOVES": [
      "Horn Strike",
      "Wind Suits",
      "Divine Sandstorm"
    ],
    "DIALOG": [
    ]
  }
}