{
 "theremnant:Strike": {
 "NAME": "打击",
 "DESCRIPTION": "造成 !D! 点伤害。"
 },
 "theremnant:Defend": {
 "NAME": "防御",
 "DESCRIPTION": "获得 !B! 点 格挡 。"
 },
 "theremnant:Soulbolt": {
 "NAME": "灵魂之箭",
 "DESCRIPTION": "造成 !D! 点伤害。 NL 获得 !M! 点 theremnant:灵魂 。"
 },
 "theremnant:SoulShield": {
 "NAME": "灵魂之盾",
 "DESCRIPTION": " theremnant:灵魂投射 ：获得 !B! 点 格挡 。"
 },
 "theremnant:AtPeace": {
 "NAME": "心如止水",
 "DESCRIPTION": "获得 !M! 点 theremnant:骸骨 。 NL 抽1张牌。 NL theremnant:灵魂投射 ：对所有敌人施加1层 虚弱 。",
 "UPGRADE_DESCRIPTION": "获得 !M! 点 theremnant:骸骨 。 NL 抽2张牌。 NL theremnant:灵魂投射 ：对所有敌人施加2层 虚弱 。"
 },
 "theremnant:Break": {
 "NAME": "破碎",
 "DESCRIPTION": "造成 !D! 点伤害。 NL 施加 !M! 点 theremnant:破碎 。 NL 下一回合，再施加 !M! 点 theremnant:破碎 。"
 },
 "theremnant:BurningSoul": {
 "NAME": "燃烧之魂",
 "DESCRIPTION": " theremnant:牺牲 3。 NL 对所有敌人造成 !D! 点伤害。"
 },
 "theremnant:HitAndRun": {
 "NAME": "打击与逃跑",
 "DESCRIPTION": "造成 !D! 点伤害。 NL 抽 !M! 张牌。 NL theremnant:灵魂投射 ：再次重复上述效果。"
 },
 "theremnant:BoneBarrier": {
 "NAME": "骸骨屏障",
 "DESCRIPTION": "获得 !B! 点 格挡 。 NL theremnant:灵魂投射 ：再次获得 !B! 点 格挡 。"
 },
 "theremnant:Collection": {
 "NAME": "收集",
 "DESCRIPTION": "获得 !B! 点 格挡 。 NL 获得 !M! 点 theremnant:灵魂 。"
 },
 "theremnant:SoulSiphon": {
 "NAME": "灵魂虹吸",
 "DESCRIPTION": "造成 !D! 点伤害。 NL 如果敌人有 theremnant:破碎 ，施加 !M! 层 易伤 。 NL 施加 !M! 点 theremnant:破碎 。"
 },
 "theremnant:Absorb": {
 "NAME": "吸收",
 "DESCRIPTION": "获得4点 theremnant:灵魂 。 NL 下一回合，获得 !M! 点 theremnant:灵魂 。"
 },
 "theremnant:JackOfSpades": {
 "NAME": "黑桃J",
 "DESCRIPTION": "获得 !B! 点 格挡 。 NL 造成 !D! 点伤害。 NL theremnant:灵魂投射 ：施加 !M! 点 theremnant:破碎 。 NL 获得 !M! 点 theremnant:灵魂 。"
 },
 "theremnant:Splinter": {
  "NAME": "碎片",
  "DESCRIPTION": "theremnant:牺牲 !M! 。 NL 对所有敌人施加 3 层 易伤 和 3 层 虚弱 。 NL 消耗 。"
 },
 "theremnant:AHundredCuts": {
 "NAME": "百斩",
 "DESCRIPTION": "对一个随机敌人造成 !D! 点伤害 3 次。 NL 对所有敌人施加 !M! 点 theremnant:破碎 。"
 },
 "theremnant:Fortify": {
 "NAME": "加固",
 "DESCRIPTION": " theremnant:牺牲 3。 NL 获得 !B! 点 格挡 。"
 },
 "theremnant:CrossChop": {
 "NAME": "十字斩",
 "DESCRIPTION": " theremnant:牺牲 4。 NL 造成 !D! 点伤害。 NL 施加 !M! 层 虚弱 。 NL 施加 !M! 层 易伤 。"
 },
 "theremnant:MakeshiftRitual": {
 "NAME": "临时仪式",
 "DESCRIPTION": "获得 !M! 点 theremnant:骸骨 和 !M! 点 theremnant:灵魂 。 NL 获得1点 力量 。"
 },
 "theremnant:DuckAndCover": {
 "NAME": "躲避掩护",
 "DESCRIPTION": "获得 !B! 点 格挡 。 NL 抽1张牌。 NL theremnant:灵魂投射 ：再抽1张牌。"
 },
 "theremnant:Bulwark": {
 "NAME": "堡垒",
 "DESCRIPTION": "获得 !B! 点 格挡 。 NL 获得 !M! 点 theremnant:骸骨 。"
 },
 "theremnant:Undermine": {
 "NAME": "破坏",
 "DESCRIPTION": "造成 !D! 点伤害两次。 NL 获得 !M! 点 theremnant:骸骨 。"
 },
 "theremnant:RattlingBones": {
 "NAME": "骨响",
 "DESCRIPTION": " 预见 !M! 。 NL 获得 !M! 点 theremnant:骸骨 。"
 },
 "theremnant:MirrorShard": {
 "NAME": "镜之碎片",
 "DESCRIPTION": "造成 !D! 点伤害。 NL theremnant:灵魂投射 ：将弃牌堆中的一张牌放入手牌。 NL 消耗 。",
 "UPGRADE_DESCRIPTION": "造成 !D! 点伤害。 NL 将弃牌堆中的一张牌放入手牌。 NL 消耗 。"
 },
 "theremnant:SprayAndPray": {
 "NAME": "扫射祈祷",
 "DESCRIPTION": "随机对一个敌人施加1层 theremnant:破碎 !M! 次。 NL 如果本回合你 theremnant:眩晕 了一个敌人，获得2点 敏捷 。 NL 消耗 。"
 },
 "theremnant:Shatterwave": {
 "NAME": "破碎波",
 "DESCRIPTION": "对所有敌人施加 !M! 层 虚弱 和 !M! 点 theremnant:破碎 。 NL 消耗 。"
 },
 "theremnant:Reconfigure": {
 "NAME": "重组",
 "DESCRIPTION": " theremnant:牺牲 !M! 。 NL 获得2点 力量 。 NL 获得2点 敏捷 。"
 },
 "theremnant:Warhammer": {
 "NAME": "战锤",
 "DESCRIPTION": "获得 !B! 点 格挡 。 NL 造成 !D! 点伤害。 NL 施加 !M! 点 theremnant:破碎 。"
 },
 "theremnant:Prepare": {
 "NAME": "准备",
 "DESCRIPTION": "本回合和下一回合获得 !B! 点 格挡 。 NL theremnant:灵魂投射 ：下一回合再获得 !B! 点 格挡 。 NL 获得 !M! 点 theremnant:灵魂 。"
 },
 "theremnant:Unease": {
 "NAME": "不安",
 "DESCRIPTION": "施加 !M! 点 theremnant:破碎 。 NL 抽 !M! 张牌。 NL 下一回合，再抽1张牌。"
 },
 "theremnant:Unburden": {
 "NAME": "卸负",
 "DESCRIPTION": " theremnant:牺牲 4。 NL 获得 !M! 点 theremnant:灵魂 。"
 },
 "theremnant:DelayedPower": {
 "NAME": "延迟力量",
 "DESCRIPTION": " 虚无 。 NL 下一回合，获得 !M! 力量 。"
 },
 "theremnant:ForgottenSoul": {
 "NAME": "遗忘之魂",
 "DESCRIPTION": " 保留 。 NL 获得 !M! theremnant:灵魂 。 NL 获得 !M! theremnant:骸骨 。 NL 消耗 。"
 },
 "theremnant:SoulStrike": {
 "NAME": "灵魂打击",
 "DESCRIPTION": "造成 !D! 伤害。 NL 将一张 *遗忘之魂 加入到手牌。",
 "UPGRADE_DESCRIPTION": "造成 !D! 伤害。 NL 将一张 *遗忘之魂 +加入到手牌。"
 },
 "theremnant:PowerDrive": {
 "NAME": "力量驱动",
 "DESCRIPTION": " theremnant:牺牲 4。 NL 造成 !D! 伤害3次。 NL 获得 !M! theremnant:灵魂 。"
 },
 "theremnant:Thunderwave": {
 "NAME": "雷波",
 "DESCRIPTION": "对所有敌人造成 !D! 伤害。 NL theremnant:灵魂投射 ：对所有敌人施加 !M! theremnant:破碎 和 !M! 易伤 。"
 },
 "theremnant:Momentum": {
 "NAME": "动量",
 "DESCRIPTION": "在你的回合开始时，获得 !M! theremnant:灵魂 。",
 "UPGRADE_DESCRIPTION": " 固有 。 NL 在你的回合开始时，获得 !M! theremnant:灵魂 。"
 },
 "theremnant:Innervate": {
 "NAME": "激励",
 "DESCRIPTION": " 虚无 。 NL 每当你获得 格挡 时，获得 !M! theremnant:骸骨 。",
 "UPGRADE_DESCRIPTION": "每当你获得 格挡 时，获得 !M! theremnant:骸骨 。"
 },
 "theremnant:Crush": {
 "NAME": "粉碎",
 "DESCRIPTION": " theremnant:牺牲 4 。 NL 所有敌人失去 !M! 点 力量 。"
 },
 "theremnant:Spark": {
 "NAME": "火花",
 "DESCRIPTION": " 消耗 一张牌。 NL 造成 !D! 伤害。 NL 获得 !M! theremnant:灵魂 。"
 },
 "theremnant:SmokeCloud": {
 "NAME": "烟雾云",
 "DESCRIPTION": "对所有敌人施加 !M! 层 虚弱 和 !M! 层 易伤 。 NL theremnant:灵魂投射 ：获得 !B! 点 格挡 。",
 "UPGRADE_DESCRIPTION": " 保留 。 NL 对所有敌人施加 !M! 层 虚弱 和 !M! 层 易伤 。 NL theremnant:灵魂投射 ：获得 !B! 点 格挡 。"
 },
 "theremnant:Adaptability": {
 "NAME": "适应性",
 "DESCRIPTION": "如果敌人意图是攻击，获得 !B! 点 格挡 。 NL 否则，抽 !M! 张牌。"
 },
 "theremnant:Stockpile": {
 "NAME": "囤积",
 "DESCRIPTION": "在你的回合结束时，获得 !M! theremnant:骸骨 。"
 },
 "theremnant:Clobber": {
 "NAME": "重击",
 "DESCRIPTION": " theremnant:灵魂投射 ：移除敌人的 格挡。 NL 造成 !D! 伤害两次。 NL 获得 !M! theremnant:灵魂 。"
 },
 "theremnant:Soulblast": {
 "NAME": "灵魂爆炸",
 "DESCRIPTION": "造成等同于你的 theremnant:灵魂 的伤害。 NL 消耗 。",
 "EXTENDED_DESCRIPTION": [" NL (造成 !D! 伤害。)"]
 },
 "theremnant:QueenOfSpades": {
 "NAME": "黑桃Q",
 "DESCRIPTION": "对所有敌人造成 !D! 伤害并施加2层 theremnant:破碎 。 NL 获得 !M! theremnant:灵魂 和 !M! theremnant:骸骨 。"
 },
 "theremnant:Stabilize": {
 "NAME": "稳定",
 "DESCRIPTION": "每当你获得 theremnant:灵魂 时，获得 !M! 点 格挡 。"
 },
 "theremnant:Restoration": {
 "NAME": "恢复",
 "DESCRIPTION": "获得等同于敌人的 theremnant:破碎 的 格挡 。",
 "UPGRADE_DESCRIPTION": " 保留 。 NL 获得等同于敌人的 theremnant:破碎 的 格挡 。"
 },
 "theremnant:BoneBlockade": {
 "NAME": "骸骨屏障",
 "DESCRIPTION": "每当你 theremnant:牺牲 时，获得 !M! 点 格挡 。"
 },
 "theremnant:Fracture": {
 "NAME": "破裂",
 "DESCRIPTION": "施加2层 theremnant:破碎 。 NL 敌人在下一回合不会减半他们的 theremnant:破碎 。 NL 消耗 。",
 "UPGRADE_DESCRIPTION": "施加2层 theremnant:破碎 。 NL 敌人在接下来的2回合不会减半他们的 theremnant:破碎 。 NL 消耗 。"
 },
 "theremnant:Rally": {
 "NAME": "集结",
 "DESCRIPTION": " 固有 。 NL 获得 !M! theremnant:骸骨 。 NL 抽3张牌。 NL 消耗 。"
 },
 "theremnant:Permafrost": {
 "NAME": "永久冻土",
 "DESCRIPTION": "获得 !B! 点 格挡 。 NL 这个回合，你不会失去 theremnant:灵魂 。 NL 消耗 。"
 },
 "theremnant:Sprint": {
 "NAME": "冲刺",
 "DESCRIPTION": " theremnant:牺牲 5。 NL 抽 !M! 张牌。 NL 下一回合，再抽2张牌。"
 },
 "theremnant:Kindling": {
 "NAME": "引火",
 "DESCRIPTION": " 消耗 一张牌。 NL 获得 !B! 点 格挡 。 NL 获得 !M! theremnant:骸骨 。"
 },
 "theremnant:Exploitation": {
 "NAME": "利用",
 "DESCRIPTION": "造成 !D! 伤害。 NL 如果敌人有 theremnant:破碎 ，再施加 !M! theremnant:破碎 并获得 [E] 。"
 },
 "theremnant:Manipulation": {
 "NAME": "操纵",
 "DESCRIPTION": "在你的回合结束时，获得等同于单个敌人上最高 theremnant:破碎 量的 格挡 。"
 },
 "theremnant:Scapegoat": {
 "NAME": "替罪羊",
 "DESCRIPTION": "如果你 theremnant:骸骨 为负，将 theremnant:骸骨 重置为0。 NL 你的下 !M! 次 theremnant:牺牲 不 消耗 theremnant:骸骨 。"
 },
 "theremnant:BoneStrike": {
 "NAME": "骸骨打击",
 "DESCRIPTION": "造成等同于你的 theremnant:骸骨 的伤害。 NL 消耗 。",
 "UPGRADE_DESCRIPTION": "造成等同于你的 theremnant:骸骨 + !M! 的伤害。 NL 消耗 。",
 "EXTENDED_DESCRIPTION": [" NL (造成 !D! 伤害。)"]
 },
 "theremnant:Rampart": {
 "NAME": "壁垒",
 "DESCRIPTION": "获得 !B! 点 格挡。 NL 对所有敌人施加 !M! theremnant:破碎 。"
 },
 "theremnant:Focus": {
 "NAME": "专注",
 "DESCRIPTION": "获得 !M! theremnant:灵魂 。",
 "EXTENDED_DESCRIPTION": ["超越",
  " NL 可以升级多达 !theremnant:upgrades! 次。",
  " 在最后一次升级后变为 *超越 。",
  " theremnant:灵魂投射 ：选择你抽牌堆中的一张牌并将此牌打出。 NL "]
 },
 "theremnant:TaintedHarvest": {
 "NAME": "污染收割",
 "DESCRIPTION": " theremnant:牺牲 4。 NL 获得 !B! 点 格挡 。 NL 恢复 !M! 生命值。 NL 消耗 。"
 },
 "theremnant:PsychoCut": {
 "NAME": "精神切割",
 "DESCRIPTION": "造成 !D! 点伤害。 NL 施加 !M! 点 theremnant:破碎 。 NL 消耗 。"
 },
 "theremnant:SoulExodus": {
 "NAME": "灵魂大逃亡",
 "DESCRIPTION": " 消耗 20点 theremnant:灵魂 对所有敌人造成 !D! 点伤害。"
 },
 "theremnant:Purify": {
 "NAME": "净化",
 "DESCRIPTION": "获得 !M! 点 人工制品 。 NL theremnant:灵魂投射 ：再次获得 !M! 点 人工制品 。 NL 消耗 。"
 },
 "theremnant:AdeptRitualist": {
 "NAME": "熟练仪式师",
 "DESCRIPTION": "在你的回合结束时，对所有敌人造成等于当前 theremnant:骸骨 数值一半的伤害。"
 },
 "theremnant:Annihilation": {
 "NAME": "湮灭",
 "DESCRIPTION": " theremnant:牺牲 5。 NL 对所有敌人造成 !D! 点伤害 !M! 次。 NL 下一回合， theremnant:牺牲 5。"
 },
 "theremnant:Flow": {
 "NAME": "流动",
 "DESCRIPTION": " 虚无 。 NL 使你的 theremnant:灵魂 翻倍。 NL 消耗 。",
 "UPGRADE_DESCRIPTION": "使你的 theremnant:灵魂 翻倍。 NL 消耗 。"
 },
 "theremnant:SoulPolarize": {
 "NAME": "灵魂极化",
 "DESCRIPTION": " 虚无。 NL theremnant:灵魂 在出牌时不再减少。",
 "UPGRADE_DESCRIPTION": " 虚无。 NL theremnant:灵魂 在出牌时不再减少。 NL 出牌时获得1点 theremnant:灵魂 。"
 },
 "theremnant:SoulChannel": {
 "NAME": "灵魂通道",
 "DESCRIPTION": "消耗 !M! 点 theremnant:灵魂 ，获得 !B! 点 格挡 和2点 力量 。"
 },
 "theremnant:KingOfSpades": {
 "NAME": "黑桃K",
 "DESCRIPTION": "获得 !M! 点能量。 NL 获得 !M! 点 theremnant:骸骨 和 !M! 点 theremnant:灵魂 。 NL 对所有敌人施加 !M! 点 theremnant:破碎 。 NL 消耗 。",
 "UPGRADE_DESCRIPTION": " 保留 。 NL 获得 !M! 点能量。 NL 获得 !M! 点 theremnant:骸骨 和 !M! 点 theremnant:灵魂 。 NL 对所有敌人施加 !M! 点 theremnant:破碎 。 NL 消耗 。"
 },
 "theremnant:OmniscientForm": {
 "NAME": "全知形态",
 "DESCRIPTION": " 虚无 。 NL 你每个回合出的第一张牌费用为 0。",
 "UPGRADE_DESCRIPTION": "你每个回合出的第一张牌费用为 0 。"
 },
 "theremnant:Gorge": {
 "NAME": "狼吞虎咽",
 "DESCRIPTION": "在你的回合开始时， theremnant:牺牲 1并获得 !M! 点 格挡 。"
 },
 "theremnant:Earthquake": {
 "NAME": "地震",
 "DESCRIPTION": " 虚无 。 NL 在你的回合开始时，对所有敌人施加 !M! 点 theremnant:破碎 。",
 "UPGRADE_DESCRIPTION": "在你的回合开始时，对所有敌人施加 !M! 点 theremnant:破碎 。"
 },
 "theremnant:FemurBreaker": {
 "NAME": "股骨破碎者",
 "DESCRIPTION": "造成 !D! 点伤害。 NL 获得等于未 格挡 伤害的 theremnant:骸骨 。"
 },
 "theremnant:Scavenge": {
 "NAME": "搜刮",
 "DESCRIPTION": "造成 !D! 点伤害。 NL 敌人失去 !M! 点 theremnant:抗性 。 NL 消耗 。"
 },
 "theremnant:SoulRecovery": {
 "NAME": "灵魂恢复",
 "DESCRIPTION": "战斗结束时，获得 !M! 点 最大生命值 。"
 },
 "theremnant:Soulcalibur": {
 "NAME": "灵魂剑",
 "DESCRIPTION": "造成 !D! 点伤害X次。 NL 获得X点 theremnant:灵魂 。",
 "EXTENDED_DESCRIPTION": ["造成 !D! 点伤害 !M! 次。 NL 获得 !M! 点 theremnant:灵魂 。", "造成 !D! 点伤害。 NL 获得 !M! 点 theremnant:灵魂 。"]
 },
 "theremnant:UnearthedArcana": {
 "NAME": "发掘奥秘",
 "DESCRIPTION": "将一张 *灵魂剑 加入手牌。 NL 获得 [E] 。 NL 消耗 。",
 "UPGRADE_DESCRIPTION": "将一张 X+1 的 *灵魂剑 加入手牌。 NL 获得 [E] 。 NL 消耗 。"
 },
 "theremnant:SoulSap": {
 "NAME": "灵魂汲取",
 "DESCRIPTION": " 不可打出 。 NL 在你的回合结束时，受到 !M! 点伤害并施加 !M! 点 theremnant:束缚 。"
 },
 "theremnant:Hexbreaker": {
 "NAME": "破咒者",
 "DESCRIPTION": " 保留 。 NL 移除你除了困惑之外的所有减益效果。 NL 消耗 。",
 "UPGRADE_DESCRIPTION": " 保留 。 NL 获得 !M! 点 敏捷 。 NL 移除你除了困惑之外的所有减益效果。 NL 消耗 。"
 }
}