[
 {
  "PROPER_NAME": "This is displayed in the tooltip.",
  "NAMES": [
   "these",
   "are",
   "detected",
   "in",
   "the",
   "text"
  ],
  "DESCRIPTION": "This is displayed in the tooltip. Note, spaces are not allowed in NAMES. Also, they should be entirely lowercase. For multi-word keywords, see the next one."
 },
 {
  "PROPER_NAME": "Multiword Keyword",
  "NAMES": [
   "Multiword Keyword",
   "multiword_keyword",
   "multiword_keywords"
  ],
  "DESCRIPTION": "Make sure the first element in the NAMES is the same as your PROPER_NAME. The rest should use _ to replace spaces and be entirely lowercase. In card text, you'll use the underscore versions."
 },
 {
 "ID": "soul",
 "PROPER_NAME": "灵魂",
 "NAMES": [
  "灵魂"
 ],
 "DESCRIPTION": "在你的回合结束时，对一个随机敌人造成 #bX 点伤害。出牌时失去 #b1 #y灵魂 。"
},
{
 "PROPER_NAME": "灵魂投射",
 "NAMES": [
  "灵魂投射"
 ],
 "DESCRIPTION": "只要你至少有 #b1 #y灵魂 ，就触发指定的效果。"
},
{
 "ID": "shatter",
 "PROPER_NAME": "破碎",
 "NAMES": [
  "破碎"
 ],
 "DESCRIPTION": "如果敌人有 #b10 或更多的 #y破碎 ，移除它， #y眩晕 他们，并施加 #b2 #y抗性 。敌人在他们的回合开始时失去一半的 #y破碎。 NL 回合结束时 #y破碎 减半。"
},
{
 "PROPER_NAME": "牺牲",
 "NAMES": [
  "牺牲",
  "牺牲"
 ],
 "DESCRIPTION": "失去 #bX #y骸骨。这个效果无视 人工制品 。 #y负骸骨 是一个debuff，它们在战斗结束时减少你的 #r最大 #r生命值。"
},
{
 "PROPER_NAME": "骸骨",
 "NAMES": [
  "骸骨",
  "骸骨"
 ],
 "DESCRIPTION": " #y骸骨 用于支付 #y牺牲 的费用。如果你在战斗结束时有 #y负骸骨 ，失去等量的 #r最大生命值。"
},
{
 "PROPER_NAME": "束缚",
 "NAMES": [
  "束缚"
 ],
 "DESCRIPTION": "在你的回合结束时，受到 #bX 点伤害。"
},
{
 "PROPER_NAME": "眩晕",
 "NAMES": [
  "眩晕",
  "眩晕",
  "眩晕",
  "眩晕"
 ],
 "DESCRIPTION": "被 #y眩晕 的敌人跳过他们的回合。"
},
{
 "ID": "resistance",
 "PROPER_NAME": "抗性",
 "NAMES": [
  "抗性"
 ],
 "DESCRIPTION": "这个敌人需要额外的 #bX #y破碎 才能被 #y眩晕 。"
},
{
 "ID": "scapegoat",
 "PROPER_NAME": "替罪羊",
 "NAMES": [
  "替罪羊"
 ],
 "DESCRIPTION": "你的下一次 #y牺牲 不 消耗 #y骸骨 。"
}
]