{
  "theremnant:PotionID": {
    "NAME": "Some Kind of Potion",
    "DESCRIPTIONS": [
      "Little",
      " pieces ",
      "that get put together",
      " into a description.",
      " Exactly how depends on the potion, and you can set it up however you want."
    ]
  },
  "theremnant:ElectrolytePotion": {
    "NAME": "电解质药水",
    "DESCRIPTIONS": [
      "获得 #b ",
      " #y灵魂 。"
    ]
  },
  "theremnant:EnergyDrink": {
    "NAME": "能量饮料",
    "DESCRIPTIONS": [
      "获得 #b ",
      " #y力量 和 #b",
      " #y敏捷  。"
    ]
  },
  "theremnant:DebilitatingBrew": {
    "NAME": "虚弱酿造",
    "DESCRIPTIONS": [
      "施加 #b",
      " #y破碎 ， #b ",
      " #y易伤 ，和 #b ",
      " #y虚弱 。"
    ]
  }
}