{
  "theremnant:PowerID": {
    "NAME": "Ultimate Power",
    "DESCRIPTIONS": [
      "You are Very Cool and Strong."
    ]
  },
  "theremnant:Soul": {
    "NAME": "灵魂",
    "DESCRIPTIONS": [
      "在你的回合结束时，",
      " #r将 #r此 #r减半，然后",
      "对一个随机敌人造成 #b",
      " 点伤害。",
      "出牌时失去 #b1 #y灵魂。",
      "当你出一张牌时，失去 #b",
      " #y灵魂 。"
    ]
  },
  "theremnant:Shatter": {
    "NAME": "破碎",
    "DESCRIPTIONS": [
      "这个敌人达到 #b",
      " / #b",
      " #y破碎 时会被 #y眩晕。 NL 回合结束时 #y破碎 会减半。"
    ]
  },
  "theremnant:Resistance": {
    "NAME": "抗性",
    "DESCRIPTIONS": [
      "这个敌人的抗性为 #b",
      "， #y眩晕 所需要的 #y破碎 减少 #bX。",
      "， #y眩晕 所需要的 #y破碎 增加 #bX。"
    ]
  },
  "theremnant:Bones": {
    "NAME": "骸骨",
    "DESCRIPTIONS": [
      " #y骸骨 用于支付 #y牺牲 的费用。",
      " #r在 #r战斗结束时，失去 #b",
      " #r最大生命值。 ",
      " #r在你的回合束时，受到 #b",
      " #r伤害 ，然后将你的 #y骸骨 重置为 #b0。"
    ]
  },
  "theremnant:ShatterNextTurn": {
    "NAME": "下回合破碎",
    "DESCRIPTIONS": [
      "在它的回合结束时，敌人获得 #b",
      " #y破碎。"
    ]
  },
  "theremnant:SoulNextTurn": {
    "NAME": "下回合灵魂",
    "DESCRIPTIONS": [
      "下个回合，获得 #b",
      " #y灵魂。"
    ]
  },
  "theremnant:Splinter": {
    "NAME": "碎片",
    "DESCRIPTIONS": [
      "在你的下一个回合开始时，",
      "在你的下一个 #b",
      "回合开始时，",
      " #y牺牲 #b3，所有敌人失去 #b1  力量 。"
    ]
  },
  "theremnant:StrengthNextTurn": {
    "NAME": "下回合力量",
    "DESCRIPTIONS": [
      "下个回合，获得 #b",
      " 力量 。"
    ]
  },
  "theremnant:Momentum": {
    "NAME": "动量",
    "DESCRIPTIONS": [
      "在你的回合开始时，获得 #b",
      " #y灵魂。"
    ]
  },
  "theremnant:Innervate": {
    "NAME": "激励",
    "DESCRIPTIONS": [
      "每当你获得 格挡 ，获得 #b",
      " #y骸骨。",
      " #y骸骨。"
    ]
  },
  "theremnant:Stockpile": {
    "NAME": "囤积",
    "DESCRIPTIONS": [
      "在你的回合结束时，获得 #b",
      " #y骸骨。"
    ]
  },
  "theremnant:Stabilize": {
    "NAME": "稳定",
    "DESCRIPTIONS": [
      "每当你获得 #y灵魂，获得 #b",
      " 格挡 。"
    ]
  },
  "theremnant:BoneBlockade": {
    "NAME": "骸骨屏障",
    "DESCRIPTIONS": [
      "每当你 #y牺牲 ，获得 #b",
      " 格挡 。"
    ]
  },
  "theremnant:Fracture": {
    "NAME": "破裂",
    "DESCRIPTIONS": [
      "这个敌人的 #y破碎 在他们下一个回合开始时不会被减半。",
      "这个敌人的 #y破碎 在他们接下来的 #b",
      " 回合开始时不会被减半。"
    ]
  },
  "theremnant:Permafrost": {
    "NAME": "永久冻土",
    "DESCRIPTIONS": [
      "这个回合，你不会失去 #y灵魂。",
      "接下来的 #b",
      "回合，你不会失去 #y灵魂。"
    ]
  },
  "theremnant:Manipulation": {
    "NAME": "操纵",
    "DESCRIPTIONS": [
      "在你的回合结束时，获得的 格挡 等于单个敌人上最高的 #y破碎量",
      " #b",
      "次。",
      "."
    ]
  },
  "theremnant:Scapegoat": {
    "NAME": "替罪羊",
    "DESCRIPTIONS": [
      "你的下一个 #y牺牲 不消耗 #y骸骨。",
      "你的接下来 #b",
      " #y牺牲 不消耗 #y骸骨。"
    ]
  },
  "theremnant:AdeptRitualist": {
    "NAME": "熟练的仪式师",
    "DESCRIPTIONS": [
      "在你的回合结束时，对所有敌人造成的伤害等于你 #y骸骨的一半",
      " #b",
      "次。",
      "."
    ]
  },
  "theremnant:SacrificeNextTurn": {
    "NAME": "下回合牺牲",
    "DESCRIPTIONS": [
      "下个回合， #y牺牲 #b",
      "."
    ]
  },
  "theremnant:SoulPolarize": {
    "NAME": "灵魂极化",
    "DESCRIPTIONS": [
      " #y灵魂 在出牌时不再减少。",
      "出牌时获得 #b",
      " #y灵魂。"
    ]
  },
  "theremnant:Omniscient": {
    "NAME": "全知",
    "DESCRIPTIONS": [
      "你下一个出牌的费用为 #b0 。",
      "你接下来的 #b",
      "张牌的费用为 #b0。"
    ]
  },
  "theremnant:OmniscientForm": {
    "NAME": "全知形态",
    "DESCRIPTIONS": [
      "你每个回合出的第一张牌的费用为 #b0。",
      "你每个回合出的前 #b",
      "张牌的费用为 #b0。"
    ]
  },
  "theremnant:Gorge": {
    "NAME": "狼吞虎咽",
    "DESCRIPTIONS": [
      "在你的回合开始时， #y牺牲 #b1 并获得 #b",
      " #y格挡。"
    ]
  },
  "theremnant:Earthquake": {
    "NAME": "地震",
    "DESCRIPTIONS": [
      "在你的回合开始时，对所有敌人施加 #b",
      " #y破碎。"
    ]
  },
  "theremnant:SoulRecovery": {
    "NAME": "灵魂恢复",
    "DESCRIPTIONS": [
      "战斗结束时，获得 #b",
      "最大生命值。"
    ]
  },
  "theremnant:StunDex": {
    "NAME": "战术眩晕",
    "DESCRIPTIONS": [
      "如果你这个回合 #y眩晕 了一个敌人，获得 #b",
      " 敏捷 ，然后移除这个能力。"
    ]
  },
  "theremnant:SoulSiphon": {
    "NAME": "灵魂虹吸",
    "DESCRIPTIONS": [
      "每当你这个回合出牌，获得 #b",
      " #y骸骨。",
      " #y骸骨。"
    ]
  },
  "theremnant:VoidFog": {
    "NAME": "虚空雾",
    "DESCRIPTIONS": [
      " #r下个回合，这个敌人变为 #r狂暴。",
      "在 #b",
      "回合后，这个敌人变为 #r狂暴。"
    ]
  },
  "theremnant:Resilience": {
    "NAME": "韧性",
    "DESCRIPTIONS": [
      "每个回合一次，每当这个敌人获得 #y抗性，它获得 #b",
      "更多。"
    ]
  },
  "theremnant:Hexed": {
    "NAME": "诅咒",
    "DESCRIPTIONS": [
      "下一次",
      "接下来的 #b",
      "次",
      "这个敌人的 #y姿态 耗尽时，将一张 #y破咒者 添加到手牌。"
    ]
  },
  "theremnant:Stance": {
    "NAME": "姿态",
    "DESCRIPTIONS": [
      " #g姿态 #g耗尽！",
      "如果这个敌人这个回合再受到 #b",
      "点伤害，它失去 #b100生命值。",
      " #y姿态 在他们的回合开始时重置，除非他们被 #y眩晕。"
    ]
  },
  "theremnant:FreezeSoul": {
    "NAME": "灵魂衰减",
    "DESCRIPTIONS": [
      "这个回合，",
      "接下来的 #b",
      "回合，",
      "在 #y灵魂 激活前，失去一半的 #y灵魂。"
    ]
  },
  "theremnant:FreezeBones": {
    "NAME": "骸骨衰减",
    "DESCRIPTIONS": [
      "在这个回合结束时，",
      "在接下来的 #b",
      "回合结束时，",
      "如果你有 #y负骸骨， #r受到 #r等量 #r伤害。如果这个激活，将 #y骸骨 重置为 #b0。"
    ]
  }
}