{
 "theremnant:RelicID": {
 "NAME": "Good Relic",
 "FLAVOR": "Flavor text displayed in detailed relic view.",
 "DESCRIPTIONS": [
  "Gain [E] at the start of your turn. [E] is an energy icon."
 ]
 },
 "theremnant:Invigoration": {
 "NAME": "振奋",
 "FLAVOR": "推动你前进的本质。这次谁将坐在尖塔之巅？",
 "DESCRIPTIONS": [
  "在每次战斗开始时，获得 [E] , #b3 #y灵魂 。"
 ]
 },
 "theremnant:BoneLordsBoon": {
 "NAME": "骨王的恩赐",
 "FLAVOR": "骨王对你微笑了。他要求一个牺牲。",
 "DESCRIPTIONS": [
  "在每次战斗开始时，获得 #b5 #y骸骨 。"
 ]
 },
 "theremnant:BearArms": {
 "NAME": "武装",
 "FLAVOR": "你回想起了一些关于这些的权利……？",
 "DESCRIPTIONS": [
  "在每次战斗开始时，获得 #b1 #y力量 和 #b1 #y敏捷。"
 ]
 },
 "theremnant:Mitigation": {
 "NAME": "减轻",
 "FLAVOR": "防御有时也有其好处。",
 "DESCRIPTIONS": [
  "每当你在一回合内使用 #b3 张 #y技能 牌时，获得 #b2 #y骸骨 和 #b2 #y灵魂 。"
 ]
 },
 "theremnant:RagingSpirit": {
 "NAME": "愤怒的灵魂",
 "FLAVOR": "你内心的火焰将比你周围的火焰燃烧得更明亮。",
 "DESCRIPTIONS": [
  "在你的回合开始时，如果你有 #b8 或更多的 #y灵魂 ，获得 #b2 力量 。"
 ]
 },
 "theremnant:DNAMutator": {
 "NAME": "DNA变异器",
 "FLAVOR": "你的敌人现在更不抗药了。利用这一点。",
 "DESCRIPTIONS": [
  "在每次战斗开始时，所有敌人失去 #b2 #y抗性 。"
 ]
 },
 "theremnant:FracturedDiamond": {
 "NAME": "破碎的钻石",
 "FLAVOR": "不完美但强大，就像你一样。",
 "DESCRIPTIONS": [
  "每当你在战斗中失去生命值时，获得 #b2 #y骸骨 。"
 ]
 },
 "theremnant:CorrosiveAura": {
 "NAME": "腐蚀光环",
 "FLAVOR": "如果你的敌人害怕你，你是否已经成为了真正的怪物？",
 "DESCRIPTIONS": [
  "在每次战斗开始时，所有敌人移除 人工制品 。"
 ]
 },
 "theremnant:Vivification": {
 "NAME": "复苏",
 "FLAVOR": "重获新生的精神再次占据。新尖塔的宿主不知道他们将面临什么。",
 "DESCRIPTIONS": [
  "替换 #g振奋 。 NL 每次战斗的 #y奇数 回合，获得 [E] 。 NL 在每个回合开始时，获得 #b2 #y灵魂 。"
 ]
 },
 "theremnant:ShepherdsSoul": {
 "NAME": "牧羊人的灵魂",
 "FLAVOR": "一个善良的牧羊人的灵魂。这怎么会出现在尖塔中？",
 "DESCRIPTIONS": [
  "在你的回合开始时，如果你有 #b6 或更多的 #y灵魂 ，获得 #b1 #y替罪羊。"
 ]
 },
 "theremnant:Magnitude9": {
 "NAME": "9级地震",
 "FLAVOR": "危——。",
 "DESCRIPTIONS": [
  "在每次战斗开始时， #y眩晕 所有敌人，但你获得 #b2 #y易伤 。"
 ]
 }
}